pdb_id	chain_id	receptor_name	transducer_family	receptor_only_structure_count	receptor_only_pdb_ids	receptor_only_chains	bound__activation_consensus_score	receptor_only__activation_consensus_score	delta__activation_consensus_score	bound__tm6_r350_634_distance	receptor_only__tm6_r350_634_distance	delta__tm6_r350_634_distance	bound__tm6_aligned_displacement	receptor_only__tm6_aligned_displacement	delta__tm6_aligned_displacement	bound__tm7_displacement	receptor_only__tm7_displacement	delta__tm7_displacement	bound__tm3_tm7_distance	receptor_only__tm3_tm7_distance	delta__tm3_tm7_distance	bound__tm6_r350_630_distance	receptor_only__tm6_r350_630_distance	delta__tm6_r350_630_distance	bound__dry_r350_630_min_distance	receptor_only__dry_r350_630_min_distance	delta__dry_r350_630_min_distance	bound__dry_r350_630_ca_distance	receptor_only__dry_r350_630_ca_distance	delta__dry_r350_630_ca_distance	bound__dry_d349_r350_min_distance	receptor_only__dry_d349_r350_min_distance	delta__dry_d349_r350_min_distance	bound__r350_chi1	receptor_only__r350_chi1	delta__r350_chi1	bound__r350_chi2	receptor_only__r350_chi2	delta__r350_chi2	bound__pif_550_340_distance	receptor_only__pif_550_340_distance	delta__pif_550_340_distance	bound__pif_340_644_distance	receptor_only__pif_340_644_distance	delta__pif_340_644_distance	bound__pif_550_644_distance	receptor_only__pif_550_644_distance	delta__pif_550_644_distance	bound__pif_550_340_min_distance	receptor_only__pif_550_340_min_distance	delta__pif_550_340_min_distance	bound__pif_340_644_min_distance	receptor_only__pif_340_644_min_distance	delta__pif_340_644_min_distance	bound__pif_550_644_min_distance	receptor_only__pif_550_644_min_distance	delta__pif_550_644_min_distance	bound__pif_triangle_perimeter	receptor_only__pif_triangle_perimeter	delta__pif_triangle_perimeter	bound__position_644_chi1	receptor_only__position_644_chi1	delta__position_644_chi1	bound__position_644_chi2	receptor_only__position_644_chi2	delta__position_644_chi2	bound__w648_chi1	receptor_only__w648_chi1	delta__w648_chi1	bound__w648_chi2	receptor_only__w648_chi2	delta__w648_chi2	bound__w648_displacement	receptor_only__w648_displacement	delta__w648_displacement	bound__w648_to_644_distance	receptor_only__w648_to_644_distance	delta__w648_to_644_distance	bound__cwxp_647_650_distance	receptor_only__cwxp_647_650_distance	delta__cwxp_647_650_distance	bound__y753_chi1	receptor_only__y753_chi1	delta__y753_chi1	bound__y753_chi2	receptor_only__y753_chi2	delta__y753_chi2	bound__y753_y558_distance	receptor_only__y753_y558_distance	delta__y753_y558_distance	bound__y753_y558_min_distance	receptor_only__y753_y558_min_distance	delta__y753_y558_min_distance	bound__n749_y753_distance	receptor_only__n749_y753_distance	delta__n749_y753_distance	bound__npxxy_local_spread	receptor_only__npxxy_local_spread	delta__npxxy_local_spread	bound__y753_displacement	receptor_only__y753_displacement	delta__y753_displacement	bound__sodium_d250_s339_distance	receptor_only__sodium_d250_s339_distance	delta__sodium_d250_s339_distance	bound__sodium_d250_n745_distance	receptor_only__sodium_d250_n745_distance	delta__sodium_d250_n745_distance	bound__sodium_d250_s746_distance	receptor_only__sodium_d250_s746_distance	delta__sodium_d250_s746_distance	bound__sodium_d250_n749_distance	receptor_only__sodium_d250_n749_distance	delta__sodium_d250_n749_distance	bound__sodium_pocket_volume	receptor_only__sodium_pocket_volume	delta__sodium_pocket_volume	bound__sodium_pocket_spread	receptor_only__sodium_pocket_spread	delta__sodium_pocket_spread	bound__tm7_rotation	receptor_only__tm7_rotation	delta__tm7_rotation	bound__icl2_generic_ca_count	receptor_only__icl2_generic_ca_count	delta__icl2_generic_ca_count	bound__icl2_end_to_end_distance	receptor_only__icl2_end_to_end_distance	delta__icl2_end_to_end_distance	bound__icl2_centroid_to_r350	receptor_only__icl2_centroid_to_r350	delta__icl2_centroid_to_r350	bound__icl2_centroid_to_tm5_561	receptor_only__icl2_centroid_to_tm5_561	delta__icl2_centroid_to_tm5_561	bound__icl2_centroid_to_tm6_634	receptor_only__icl2_centroid_to_tm6_634	delta__icl2_centroid_to_tm6_634	bound__icl2_centroid_to_tm7_753	receptor_only__icl2_centroid_to_tm7_753	delta__icl2_centroid_to_tm7_753	bound__icl2_axis_tm3_angle	receptor_only__icl2_axis_tm3_angle	delta__icl2_axis_tm3_angle	bound__icl2_axis_tm5_angle	receptor_only__icl2_axis_tm5_angle	delta__icl2_axis_tm5_angle	bound__icl2_active_reference_displacement	receptor_only__icl2_active_reference_displacement	delta__icl2_active_reference_displacement	bound__tm5_cytoplasmic_extension	receptor_only__tm5_cytoplasmic_extension	delta__tm5_cytoplasmic_extension	bound__tm5_cytoplasmic_kink	receptor_only__tm5_cytoplasmic_kink	delta__tm5_cytoplasmic_kink	bound__tm5_r350_561_distance	receptor_only__tm5_r350_561_distance	delta__tm5_r350_561_distance	bound__tm5_r350_564_distance	receptor_only__tm5_r350_564_distance	delta__tm5_r350_564_distance	bound__tm5_tm6_cavity_distance	receptor_only__tm5_tm6_cavity_distance	delta__tm5_tm6_cavity_distance	bound__tm5_axis_tm3_angle	receptor_only__tm5_axis_tm3_angle	delta__tm5_axis_tm3_angle	bound__tm6_lower_upper_kink	receptor_only__tm6_lower_upper_kink	delta__tm6_lower_upper_kink	bound__tm6_axis_tm3_angle	receptor_only__tm6_axis_tm3_angle	delta__tm6_axis_tm3_angle	bound__tm6_tm7_cavity_distance	receptor_only__tm6_tm7_cavity_distance	delta__tm6_tm7_cavity_distance	bound__tm7_h8_angle	receptor_only__tm7_h8_angle	delta__tm7_h8_angle	bound__h8_end_to_end_distance	receptor_only__h8_end_to_end_distance	delta__h8_end_to_end_distance	bound__h8_r350_distance	receptor_only__h8_r350_distance	delta__h8_r350_distance	bound__h8_tm6_distance	receptor_only__h8_tm6_distance	delta__h8_tm6_distance	bound__icl2_helix_fraction	receptor_only__icl2_helix_fraction	delta__icl2_helix_fraction	bound__icl2_longest_helix	receptor_only__icl2_longest_helix	delta__icl2_longest_helix	bound__icl2_mean_phi	receptor_only__icl2_mean_phi	delta__icl2_mean_phi	bound__icl2_mean_psi	receptor_only__icl2_mean_psi	delta__icl2_mean_psi	bound__intracellular_cavity_core_volume	receptor_only__intracellular_cavity_core_volume	delta__intracellular_cavity_core_volume	bound__intracellular_cavity_core_mouth_area	receptor_only__intracellular_cavity_core_mouth_area	delta__intracellular_cavity_core_mouth_area	bound__intracellular_cavity_core_depth	receptor_only__intracellular_cavity_core_depth	delta__intracellular_cavity_core_depth	bound__intracellular_cavity_core_maximum_width	receptor_only__intracellular_cavity_core_maximum_width	delta__intracellular_cavity_core_maximum_width	bound__intracellular_cavity_core_average_cross_section	receptor_only__intracellular_cavity_core_average_cross_section	delta__intracellular_cavity_core_average_cross_section	bound__intracellular_cavity_core_bottleneck_area	receptor_only__intracellular_cavity_core_bottleneck_area	delta__intracellular_cavity_core_bottleneck_area	bound__intracellular_cavity_core_bottleneck_radius	receptor_only__intracellular_cavity_core_bottleneck_radius	delta__intracellular_cavity_core_bottleneck_radius	bound__intracellular_cavity_core_max_inscribed_radius	receptor_only__intracellular_cavity_core_max_inscribed_radius	delta__intracellular_cavity_core_max_inscribed_radius	bound__intracellular_cavity_core_surface_area	receptor_only__intracellular_cavity_core_surface_area	delta__intracellular_cavity_core_surface_area	bound__intracellular_cavity_core_centroid_x	receptor_only__intracellular_cavity_core_centroid_x	delta__intracellular_cavity_core_centroid_x	bound__intracellular_cavity_core_centroid_y	receptor_only__intracellular_cavity_core_centroid_y	delta__intracellular_cavity_core_centroid_y	bound__intracellular_cavity_core_centroid_z	receptor_only__intracellular_cavity_core_centroid_z	delta__intracellular_cavity_core_centroid_z	bound__intracellular_cavity_core_principal_length_1	receptor_only__intracellular_cavity_core_principal_length_1	delta__intracellular_cavity_core_principal_length_1	bound__intracellular_cavity_core_principal_length_2	receptor_only__intracellular_cavity_core_principal_length_2	delta__intracellular_cavity_core_principal_length_2	bound__intracellular_cavity_core_principal_length_3	receptor_only__intracellular_cavity_core_principal_length_3	delta__intracellular_cavity_core_principal_length_3	bound__intracellular_cavity_core_principal_axis_1_z_alignment	receptor_only__intracellular_cavity_core_principal_axis_1_z_alignment	delta__intracellular_cavity_core_principal_axis_1_z_alignment	bound__intracellular_cavity_core_eccentricity	receptor_only__intracellular_cavity_core_eccentricity	delta__intracellular_cavity_core_eccentricity	bound__intracellular_cavity_core_sphericity	receptor_only__intracellular_cavity_core_sphericity	delta__intracellular_cavity_core_sphericity	bound__intracellular_cavity_core_asymmetry	receptor_only__intracellular_cavity_core_asymmetry	delta__intracellular_cavity_core_asymmetry	bound__intracellular_cavity_core_tm3_side_fraction	receptor_only__intracellular_cavity_core_tm3_side_fraction	delta__intracellular_cavity_core_tm3_side_fraction	bound__intracellular_cavity_core_tm6_side_fraction	receptor_only__intracellular_cavity_core_tm6_side_fraction	delta__intracellular_cavity_core_tm6_side_fraction	bound__intracellular_cavity_core_tm5_side_fraction	receptor_only__intracellular_cavity_core_tm5_side_fraction	delta__intracellular_cavity_core_tm5_side_fraction	bound__intracellular_cavity_core_tm7_side_fraction	receptor_only__intracellular_cavity_core_tm7_side_fraction	delta__intracellular_cavity_core_tm7_side_fraction	bound__intracellular_cavity_core_wall_fraction_h8	receptor_only__intracellular_cavity_core_wall_fraction_h8	delta__intracellular_cavity_core_wall_fraction_h8	bound__intracellular_cavity_core_wall_fraction_icl2	receptor_only__intracellular_cavity_core_wall_fraction_icl2	delta__intracellular_cavity_core_wall_fraction_icl2	bound__intracellular_cavity_core_wall_fraction_tm3	receptor_only__intracellular_cavity_core_wall_fraction_tm3	delta__intracellular_cavity_core_wall_fraction_tm3	bound__intracellular_cavity_core_wall_fraction_tm7	receptor_only__intracellular_cavity_core_wall_fraction_tm7	delta__intracellular_cavity_core_wall_fraction_tm7
5G53	B	aa2ar_human	Gs	5	2YDO;2YDV;4UG2;4UHR;8UGW	A	0.650635857610742	0.2238701146936476	0.42676574291709446	15.579	9.64	5.939	11.969	6.2241	5.7448999999999995	4.6888	4.3839	0.30489999999999995	11.7996	11.6192	0.18040000000000056	18.3006	9.9286	8.372	16.2416	8.1279	8.113699999999998	18.3006	9.9286	8.372	1.3303	1.3336	-0.0032999999999998586		-62.2379			-66.3996		5.9515	5.7648	0.1867000000000001	5.4572	5.3292	0.1280000000000001	6.9315	6.6033	0.3281999999999998	4.0916	3.9883	0.1032999999999995	3.6988	3.6117	0.08709999999999996	4.6499	4.5995	0.05039999999999978	18.3402	17.6857	0.6544999999999987	-178.2893	-174.556	-3.7332999999999856	78.6969	84.1958	-5.498900000000006	-74.2904	-78.2302	3.939799999999991	102.7986	108.8692	-6.070600000000013	2.409	2.4196	-0.010600000000000165	5.7028	5.6815	0.021300000000000097	7.4561	7.4918	-0.0356999999999994	-73.5556	172.0983	-245.6539	79.7891	80.208	-0.4188999999999936	7.1687	13.2276	-6.0589	3.6815	10.8034	-7.1219	5.7513	8.9199	-3.1686000000000005	3.2167	3.1988	0.017900000000000027	6.6369	6.2561	0.3807999999999998	4.1735	4.4475	-0.274	6.7165	7.2585	-0.5419999999999998	3.8682	3.8853	-0.017100000000000115	4.7728	7.6093	-2.8365	28.3495	37.4281	-9.078600000000002	3.3249	4.0042	-0.6793	56.6342	67.9975	-11.363300000000002	8.0	8.0	0.0	10.7495	10.6588	0.0907	11.0417	11.2501	-0.20839999999999925	16.1121	16.8837	-0.7715999999999994	25.1973	19.585	5.612299999999998	21.2374	21.4843	-0.24690000000000012	47.1047	46.324	0.7807000000000031	41.1778	30.24175	10.936049999999998	0.8603	1.1643	-0.30399999999999994	23.3304	23.0486	0.2818000000000005	25.9577	20.9909	4.966799999999999	7.829	8.8262	-0.9972000000000003	11.7161	12.7043	-0.9881999999999991	10.1793	6.2223	3.957	41.3856	34.64805	6.737549999999999	56.5069	36.4182	20.088700000000003	32.4633	8.747	23.716299999999997	17.5943	14.0022	3.5921000000000003	46.486	38.6001	7.8858999999999995	10.0575	10.173	-0.11550000000000082	17.7559	17.2443	0.5116000000000014	22.1367	18.1007	4.036000000000001	0.875	0.875	0.0	7.0	7.0	0.0	-73.6122	-80.5295	6.917299999999997	-21.3066	-18.5461	-2.7605000000000004	1384.9339	267.48475	1117.44915	144.495	38.4475	106.04750000000001	18.2	12.675	5.524999999999999	13.5638	6.9962	6.5676000000000005	76.0953	20.902	55.193299999999994	3.38	3.8025	-0.4225000000000003	1.0372	1.0933	-0.05610000000000004	8.2398	4.0077	4.232100000000001	1289.47	558.5450000000001	730.925	-0.8503	-1.77455	0.9242500000000001	-3.6506	-5.1693	1.5187	6.8729	7.48645	-0.61355	16.1531	17.7362	-1.5831000000000017	15.5625	11.3905	4.172000000000001	10.4403	4.43615	6.004150000000001	0.8581	0.02695	0.8311499999999999	0.7631	0.96895	-0.20584999999999998	0.466	0.3615	0.10450000000000004	0.0307	0.1187	-0.088	0.5762	0.7458	-0.16959999999999997	0.4238	0.2542	0.16960000000000003	0.1563	0.15439999999999998	0.0019000000000000128	0.8437	0.8455999999999999	-0.0018999999999999018	0.1526	0.14185	0.01075000000000001	0.029	0.04655	-0.01755	0.1685	0.1597	0.008800000000000002	0.1118	0.035699999999999996	0.0761
8E9W	A	acm3_human	Gq/11	1	8EA0	A	0.3887849932338835	0.3942664285440477	-0.005481435310164207	15.1211	15.6199	-0.49879999999999924	11.2797	10.9377	0.3420000000000005	5.5996	5.1079	0.4916999999999998	11.1404	10.9554	0.1850000000000005	17.2165	16.5705	0.6460000000000008	14.6873	14.1894	0.49790000000000134	17.2165	16.5705	0.6460000000000008	1.3345	1.3351	-0.0005999999999999339	-61.9697	-91.4196	29.4499	-165.6612	164.4255	-330.0867	5.2005	5.5646	-0.36410000000000053	5.082	5.2632	-0.18120000000000047	7.7119	7.5006	0.2112999999999996	3.6123	3.8932	-0.28090000000000037	3.3697	3.5653	-0.19560000000000022	6.0022	5.2802	0.7220000000000004	17.9944	18.3284	-0.33399999999999963	-147.3292	-174.5502	27.221000000000004	85.4716	74.7286	10.742999999999995	-79.7772	-86.1704	6.393200000000007	48.6708	106.6791	-58.008300000000006	2.3641	2.2484	0.11569999999999991	4.6373	5.5321	-0.8948	7.7803	7.6236	0.15670000000000073	-75.9999	-68.7891	-7.210799999999992	79.1555	-89.9092	169.06470000000002	7.098	7.5713	-0.47330000000000005	3.5564	3.8753	-0.3189000000000002	6.2388	5.6233	0.6154999999999999	3.2343	3.1695	0.06479999999999997	7.216	6.6934	0.5226000000000006	4.8079	4.1909	0.617	6.8708	6.6833	0.1875	3.4277	3.4044	0.02330000000000032	4.6396	4.6027	0.036900000000000155	26.6211	29.5714	-2.950300000000002	3.2786	3.4114	-0.13280000000000003	62.8247	54.7205	8.104199999999999	8.0	8.0	0.0	11.7008	11.7801	-0.07929999999999993	11.4661	11.3628	0.10330000000000084	16.5957	16.4029	0.19280000000000186	24.9825	25.1906	-0.20809999999999818	20.7767	20.6107	0.16600000000000037	55.3718	52.6725	2.699300000000001	42.5101	39.942	2.568100000000001	0.9672	1.169	-0.2018000000000001	23.0467	22.7267	0.3200000000000003	22.684	25.1298	-2.4457999999999984	8.1565	8.3203	-0.16380000000000017	12.0807	12.268	-0.18730000000000047	10.3288	10.0038	0.3249999999999993	32.889	31.861	1.0280000000000022	60.0725	52.0402	8.0323	28.2079	22.4653	5.7425999999999995	17.5288	17.0243	0.5045000000000002	38.6056	49.2784	-10.672799999999995	10.0806	10.2532	-0.1725999999999992	17.3163	17.0288	0.28749999999999787	21.852	21.7208	0.13119999999999976	0.875	0.875	0.0	7.0	7.0	0.0	-77.8514	-83.5571	5.705700000000007	-18.8854	-13.8094	-5.0760000000000005	1584.5863	1457.7095	126.8768	151.6775	138.1575	13.52000000000001	18.85	18.85	0.0	13.8968	13.263	0.6338000000000008	84.0629	77.3321	6.730800000000002	15.21	16.9	-1.6899999999999977	2.2003	2.3194	-0.11909999999999998	6.7226	6.7814	-0.05879999999999974	1419.6	1401.01	18.589999999999918	0.3897	0.4756	-0.08590000000000003	-3.3293	-3.1342	-0.19510000000000005	5.8856	5.6596	0.22599999999999998	18.0819	18.5543	-0.4724000000000004	13.3178	13.015	0.3027999999999995	12.9126	12.42	0.4925999999999995	0.8395	0.8452	-0.005699999999999927	0.7	0.7429	-0.04290000000000005	0.463	0.4438	0.01920000000000005	0.1185	0.0701	0.0484	0.4695	0.465	0.0044999999999999485	0.5305	0.535	-0.0045000000000000595	0.1983	0.1628	0.035500000000000004	0.8017	0.8372	-0.03550000000000009	0.117	0.0861	0.03090000000000001	0.0655	0.0628	0.002700000000000008	0.1853	0.17	0.01529999999999998	0.1403	0.1656	-0.02529999999999999
8GG0	R	adrb2_human	Gs	20	8GGI;8GGJ;8GGK;8GGL;8GGM;8GGN;8GGO;8GGP;8GGQ;8GGR;8GGS;8GGT;8GGU;8GGV;8GGW;8GGX;8GGY;8GGZ;8GH0;8GH1	R	0.3903163079606939	0.3036356845902817	0.08668062337041221	15.7085	16.00705	-0.29854999999999876	12.4586	12.33985	0.11875000000000036	4.0063	4.02515	-0.01884999999999959	12.3704	12.3341	0.036300000000000665	18.2192	18.58485	-0.3656499999999987	14.4687	15.036449999999999	-0.5677499999999984	18.2192	18.58485	-0.3656499999999987	1.3356	1.3353	0.00029999999999996696	-61.3778	-86.3678	24.990000000000002	-178.229	150.96365	-329.19265	6.1249	5.87585	0.24905000000000044	5.7538	6.01655	-0.2627499999999996	7.9762	8.092600000000001	-0.1164000000000005	4.3947	4.14295	0.25175000000000036	3.7458	4.05545	-0.3096500000000004	5.6359	5.6847	-0.048799999999999955	19.855	20.0051	-0.15009999999999835	161.5386	160.54410000000001	0.994499999999988	70.7277	68.66345000000001	2.064249999999987	-88.2006	-88.29495	0.09435000000000571	123.3485	122.80515	0.5433500000000038	1.6106	1.6028	0.007800000000000029	7.1723	7.1850000000000005	-0.0127000000000006	8.2893	7.88345	0.40585000000000093	-69.0774	-77.4816	8.404200000000003	-84.3592	-79.3558	-5.003399999999999	9.0835	8.96595	0.11755000000000138	4.7885	4.4653	0.32319999999999993	6.0223	5.9549	0.06740000000000013	3.1447	3.12675	0.01794999999999991	6.0004	6.0482499999999995	-0.047849999999999504	4.4999	6.23035	-1.7304499999999994	7.8779	9.067450000000001	-1.1895500000000006	4.182	4.20125	-0.019249999999999545	4.8314	6.0365	-1.2050999999999998	42.543	48.65795	-6.11495	3.8158	4.0846	-0.26880000000000015	41.2063	44.825199999999995	-3.6188999999999965	8.0	8.0	0.0	11.4754	11.63105	-0.15564999999999962	11.3507	11.54935	-0.19865000000000066	16.5443	16.48555	0.05874999999999986	25.7575	26.1127	-0.35519999999999996	21.8132	22.077150000000003	-0.2639500000000048	46.8641	45.45285	1.4112500000000026	33.5731	32.38405	1.1890499999999946	0.3468	0.54265	-0.19584999999999997	23.1276	22.960099999999997	0.16750000000000398	28.2929	25.224800000000002	3.0680999999999976	8.3098	8.4331	-0.12330000000000041	12.107	12.309000000000001	-0.20200000000000173	10.8056	11.41385	-0.60825	36.435	36.0321	0.4029000000000025	62.465	65.162	-2.6970000000000027	32.9516	34.2365	-1.2849000000000004	18.0934	16.48735	1.6060499999999998	76.0365	70.77154999999999	5.264950000000013	9.9364	9.96845	-0.03204999999999991	18.8525	18.6351	0.21739999999999782	23.9196	22.9938	0.9257999999999988	0.875	0.875	0.0	7.0	7.0	0.0	-78.1551	-77.5171	-0.6380000000000052	-11.2335	-13.29985	2.06635	2120.9289	2117.9080000000004	3.0208999999995285	162.6625	163.5075	-0.8449999999999989	19.5	19.5	0.0	14.3913	14.465800000000002	-0.07450000000000223	108.7656	108.61070000000001	0.15489999999999782	45.2075	42.6725	2.5350000000000037	3.7934	3.68545	0.10795000000000021	8.7138	8.8964	-0.18259999999999899	1742.39	1767.3175	-24.92750000000001	0.3761	0.38985000000000003	-0.01375000000000004	-3.3508	-3.25995	-0.0908500000000001	5.3022	5.16275	0.13945000000000007	20.3258	20.144199999999998	0.1816000000000031	15.0005	15.085550000000001	-0.08505000000000074	13.4406	13.529900000000001	-0.08930000000000149	0.953	0.95755	-0.004550000000000054	0.7502	0.7420500000000001	0.00814999999999988	0.4582	0.45565	0.0025499999999999967	0.0669	0.06939999999999999	-0.0024999999999999883	0.4158	0.44815000000000005	-0.032350000000000045	0.5842	0.55185	0.0323500000000001	0.2175	0.21315	0.004349999999999993	0.7825	0.78685	-0.004350000000000076	0.1867	0.17975	0.006950000000000012	0.0306	0.029699999999999997	0.0009000000000000015	0.3253	0.30745	0.017849999999999977			
7T6U	R	fpr2_human	Gi/o	1	6LW5	A	0.3773331286028005	0.3530369895095518	0.02429613909324868	14.5505	15.0281	-0.4776000000000007	10.3914	9.9625	0.4289000000000005	5.1994	5.1717	0.027699999999999392	11.3979	11.0919	0.30599999999999916										1.3216	1.3357	-0.014100000000000001	-68.8338	-68.8829	0.049100000000009913	177.937	-179.4521	357.3891	5.0628	4.9647	0.09810000000000052	5.6876	5.7239	-0.036300000000000665	6.1999	5.8397	0.36020000000000074	3.6243	3.6402	-0.015900000000000247	3.5899	3.5569	0.03299999999999992	3.4638	3.8882	-0.4243999999999999	16.9502	16.5283	0.4218999999999973	-169.2399	-174.5369	5.296999999999997	48.2894	85.6416	-37.352199999999996	-80.3739	-74.6305	-5.743400000000008	103.9622	102.4208	1.5413999999999959	2.9794	2.8919	0.08749999999999991	6.0573	5.585	0.4722999999999997	7.3547	7.5969	-0.24219999999999953	-77.3913	-72.4324	-4.9589	83.4523	83.3189	0.13339999999999463	6.9972	7.1058	-0.10860000000000003	3.6239	3.551	0.07289999999999974	5.4618	5.4472	0.014600000000000612	3.1282	3.1121	0.016100000000000225	7.1593	7.2289	-0.06960000000000033	4.0115	4.323	-0.31150000000000055	7.243	7.2767	-0.03369999999999962	3.8008	3.9949	-0.19409999999999972	4.7287	5.0293	-0.3006000000000002	29.4977	33.2404	-3.742700000000003	3.4298	3.5381	-0.10829999999999984	63.6299	65.2814	-1.6515000000000057	8.0	8.0	0.0	9.9682	9.4553	0.5129000000000001	11.7295	11.9772	-0.24770000000000003	16.2127	16.2804	-0.06769999999999854	24.3244	24.622	-0.2975999999999992	21.5995	21.4776	0.12190000000000012	55.2007	51.5172	3.683499999999995	42.3453	38.6626	3.682700000000004	0.7188	1.399	-0.6802	22.4539	23.1592	-0.7052999999999976	13.5502	15.7518	-2.201599999999999	8.0216	8.1909	-0.16929999999999978	12.181	12.0455	0.13549999999999862	10.7703	12.0495	-1.2791999999999994	32.642	28.2338	4.408200000000004							15.0089	14.357	0.6519000000000013	46.4448	41.4476	4.997199999999999	10.5313	10.635	-0.1036999999999999	17.2943	17.231	0.06329999999999814	19.7065	18.2735	1.4329999999999998	0.875	0.875	0.0	7.0	7.0	0.0	-73.4768	-83.2046	9.727800000000002	-19.7377	-14.992	-4.745699999999999																																																																																	
8W8Q	C	gp101_human	Gs	1	8W8S	R	0.3899166368441614	0.2895560314839862	0.10036060536017521	15.8313	16.0114	-0.1800999999999977	13.3591	13.2973	0.061799999999999855	5.5858	5.2783	0.3075000000000001	10.9765	11.2708	-0.2942999999999998	18.69			14.6138			18.69			1.3347	1.3341	0.0005999999999999339	-74.789	-166.8305	92.0415	178.0263	54.814	123.2123	4.9381	5.2923	-0.3541999999999996	5.7331	6.1933	-0.4601999999999995	5.6352	5.9064	-0.27119999999999944	3.5359	3.7104	-0.1745000000000001	3.3531	3.9755	-0.6223999999999998	3.1676	3.4116	-0.24399999999999977	16.3065	17.3919	-1.0854	179.5916	-177.7743	357.3659	75.8609	88.4621	-12.601200000000006	-102.0515	-103.4599	1.4084000000000003	-66.4886	-61.8228	-4.665800000000004	3.9468	3.8371	0.10970000000000013	5.168	5.0971	0.07089999999999996	7.4936	8.1705	-0.6769000000000007	-73.8832	-71.0422	-2.841000000000008	-78.1776	-85.5839	7.406300000000002	8.5005	8.8022	-0.3016999999999985	4.8019	5.0197	-0.21780000000000044	6.1044	6.131	-0.02660000000000018	3.1111	3.1346	-0.023499999999999854	7.1772	7.3788	-0.2016	4.6839	6.8613	-2.1773999999999996	5.9957	6.978	-0.9822999999999995	4.3107	4.2104	0.10029999999999983	4.4887	6.4795	-1.9908000000000001	32.6727	41.6797	-9.006999999999998	3.4681	3.9625	-0.49439999999999973	50.7496	51.4804	-0.7308000000000021	8.0	8.0	0.0	10.9545	11.9707	-1.0162000000000013	11.2196	12.0106	-0.7910000000000004	15.9282	16.6352	-0.7070000000000007	25.3915	25.9188	-0.5273000000000003	20.7441	21.9719	-1.227800000000002	47.4283	46.1692	1.2591000000000037	29.2437	30.7459	-1.5021999999999984	0.9841	1.0292	-0.04509999999999992	22.5749	23.1788	-0.6038999999999994	32.4511	30.9417	1.5093999999999959	8.5989	9.3343	-0.7354000000000003	12.344	13.4698	-1.1258	10.7633	10.8159	-0.05259999999999998	34.8431	33.8507	0.9923999999999964	56.0578			32.692			18.2037	16.7611	1.4426000000000023	45.667	43.2711	2.3959000000000046	10.1338	10.1083	0.025500000000000966	15.4175	15.9233	-0.5057999999999989	21.3626	21.0053	0.35730000000000217	0.875	0.75	0.125	7.0	4.0	3.0	-78.0456	-87.892	9.846400000000003	-14.914	-5.0442	-9.8698	1639.2366			155.48			19.5			14.0699			84.0634			14.7875			2.1696			6.9001			1524.38			0.4324			-2.4955			6.0769			18.8563			14.1521			11.9106			0.8173			0.7753			0.441			0.0575			0.4284			0.5716			0.2153			0.7847			0.1887			0.0437			0.1736			0.1445		
8XBH	R	gpr34_human	Gi/o	3	8IYX;8XBG;8XBI	A;C;R	0.1709789214462332	0.1540344692514302	0.016944452194803006	12.4137	12.3655	0.048199999999999577	6.6612	6.7181	-0.05689999999999973	1.5815	1.9421	-0.36060000000000003	13.4733	13.9141	-0.4407999999999994	14.7368	14.5742	0.1626000000000012	12.6569	12.5881	0.06879999999999953	14.7368	14.5742	0.1626000000000012	1.3369	1.3246	0.012299999999999978	-83.7472	-84.2992	0.5519999999999925	-171.2716	-173.4363	2.164699999999982	6.149	6.2609	-0.11190000000000033	6.5809	6.3407	0.24019999999999975	8.2657	8.2359	0.029799999999999827	3.863	3.9	-0.03699999999999992	4.5672	4.3954	0.1717999999999993	5.418	5.2737	0.14430000000000032	20.9956	20.8974	0.09819999999999851	-178.0613	175.2543	-353.3156	-89.1378	85.5832	-174.721	-80.1399	-75.7799	-4.359999999999999	-56.989	-58.675	1.686	3.8836	3.6665	0.21709999999999985	4.8792	5.2916	-0.4123999999999999	8.2356	7.6355	0.6000999999999994	-163.0839	-57.2947	-105.7892	70.7902	67.0352	3.7549999999999955	12.5858	13.435	-0.8491999999999997	8.8678	9.4994	-0.6315999999999988	9.0514	8.6669	0.3844999999999992	3.178	3.0809	0.09709999999999974	4.4672	4.2207	0.24650000000000016	4.3742	4.2783	0.09590000000000032	6.9846	6.9749	0.009700000000000486	3.7173	4.0574	-0.3401000000000005	5.5518	5.6287	-0.07690000000000019	44.794	42.3334	2.4605999999999995	3.9012	3.9243	-0.023100000000000342	31.6089	28.1729	3.436	0.0	0.0	0.0																									22.555	22.46435	0.09065000000000012	7.0435	6.37105	0.6724499999999995	8.1158	8.1788	-0.06300000000000061	12.3828	12.178650000000001	0.2041499999999985	7.8817	8.1633	-0.2815999999999992	38.1431	38.39265	-0.24955000000000638	36.8049	35.9927	0.8122000000000043	17.2618	17.8773	-0.6155000000000008	14.6724	14.6621	0.010299999999999088	54.6376	58.4336	-3.7959999999999994	9.8062	9.8825	-0.07629999999999981	18.8741	18.5553	0.31879999999999953	16.5158	17.2589	-0.7431000000000019	0.5556	0.5556	0.0	3.0	3.0	0.0	-68.7485	-72.0598	3.3112999999999886	-29.5183	-27.8567	-1.6616	1652.9679	1711.05105	-58.08314999999993	126.75	131.60875	-4.858749999999986	20.15	20.15	0.0	12.7037	12.9418	-0.2381000000000011	82.0331	84.91565	-2.882549999999995	44.3625	42.88375	1.478749999999998	3.7578	3.6944999999999997	0.06330000000000036	9.4001	9.80225	-0.4021500000000007	1486.355	1505.3675	-19.012500000000045	0.5133	0.4683	0.044999999999999984	-0.327	-0.43515000000000004	0.10815000000000002	4.9277	4.998200000000001	-0.0705000000000009	22.0751	21.9936	0.08149999999999835	15.1815	15.5428	-0.36129999999999995	9.6105	9.7048	-0.0943000000000005	0.9871	0.9875	-0.00040000000000006697	0.9003	0.89725	0.003049999999999997	0.4549	0.45945	-0.0045499999999999985	0.1092	0.08645	0.022750000000000006	0.3512	0.3624	-0.011199999999999988	0.6488	0.6376	0.011200000000000099	0.5059	0.483	0.02290000000000003	0.4941	0.517	-0.02290000000000003	0.203	0.1918	0.011200000000000015				0.6131	0.6195999999999999	-0.00649999999999995	0.1839	0.18855	-0.0046499999999999875
8J6J	R	hcar2_human	Gi/o	4	7ZL9;8K5B;8K5C;8K5D	A	0.2606534008204339	0.2096876625104849	0.05096573830994902	11.5351	11.1634	0.3717000000000006	6.0924	5.265750000000001	0.826649999999999	4.6242	4.7259	-0.10170000000000012	12.3538	12.5402	-0.1864000000000008	13.3962	12.988150000000001	0.40804999999999936	10.906	10.14485	0.7611500000000007	13.3962	12.988150000000001	0.40804999999999936	1.3343	1.33475	-0.00045000000000006146	-68.9269	-80.13104999999999	11.204149999999984	177.5553	154.50305	23.052249999999987	5.4142	5.3564	0.057800000000000296	6.0036	5.9991	0.004499999999999282	6.8936	6.62515	0.2684500000000005	3.6636	3.5646	0.0990000000000002	4.2096	4.1526	0.057000000000000384	4.6304	4.34295	0.28744999999999976	18.3114	17.94995	0.36144999999999783	-178.3536	2.651049999999998	-181.00465	84.1287	85.32765	-1.1989500000000106	-91.3206	-69.49215000000001	-21.82844999999999	90.4751	-73.2305	163.7056	3.3742	3.6689	-0.29469999999999974	4.9825	4.78235	0.20014999999999983	7.0315	7.537599999999999	-0.5060999999999991	-86.6221	-92.35695	5.7348499999999945	79.407	-57.149550000000005	136.55655000000002	10.831	11.13985	-0.3088499999999996	8.0826	8.2434	-0.16080000000000005	6.2062	5.54105	0.6651499999999997	3.0967	3.1245000000000003	-0.02780000000000049	6.4155	5.9072499999999994	0.5082500000000003	4.398	4.73795	-0.33995	8.9247	6.46995	2.4547499999999998	4.8458	4.4488	0.39699999999999935	4.9071	4.5806000000000004	0.32649999999999935	33.8351	38.09345	-4.25835	3.8503	3.6102999999999996	0.2400000000000002	57.4175	63.707100000000004	-6.289600000000007	8.0	8.0	0.0	11.7387	12.373149999999999	-0.6344499999999993	10.8246	10.895399999999999	-0.07079999999999842	15.7239	15.591000000000001	0.13289999999999935	20.9374	20.75555	0.18185000000000073	21.5681	21.6133	-0.045199999999997686	54.7832	55.7281	-0.944899999999997	53.3949	49.1408	4.254100000000001	1.2903	1.87535	-0.5850500000000001	23.1139	22.2482	0.8657000000000004	18.3365	19.28235	-0.9458500000000001	7.9517	7.76495	0.18674999999999997	11.8575	11.867049999999999	-0.00954999999999906	9.5552	10.0276	-0.4724000000000004	31.6549	29.1685	2.4863999999999997	32.213	32.82245	-0.6094500000000025	22.6823	22.62205	0.060249999999999915	14.3889	14.2942	0.09469999999999956	45.131	75.6752	-30.544200000000004	10.364	10.7719	-0.4078999999999997	17.7767	14.726099999999999	3.050600000000003	16.9374	12.3886	4.5488	1.0	0.625	0.375	8.0	3.0	5.0	-74.0005	-81.84710000000001	7.846600000000009	-19.8673	34.7998	-54.6671	1697.7318	1642.1201999999998	55.61160000000018	149.9875	153.57875	-3.5912500000000023	19.5	19.5	0.0	13.8192	13.98325	-0.16404999999999959	87.0632	85.60725	1.4559500000000014	36.7575	35.067499999999995	1.6900000000000048	3.4206	3.34075	0.07984999999999998	9.8533	9.329899999999999	0.5234000000000023	1454.245	1474.525	-20.2800000000002	0.2798	0.3958	-0.11599999999999999	-0.8018	-0.8081499999999999	0.006349999999999967	5.2336	4.9186	0.3150000000000004	20.6394	20.82695	-0.18755000000000166	16.1217	16.70095	-0.5792499999999983	9.5285	9.1643	0.3641999999999985	0.9647	0.9647	0.0	0.8871	0.8954	-0.008299999999999974	0.4733	0.44915	0.024150000000000005	0.0288	0.09735	-0.06855	0.3918	0.40695000000000003	-0.015150000000000052	0.6082	0.59305	0.015149999999999997	0.4298	0.4554	-0.02560000000000001	0.5702	0.5446	0.025600000000000067	0.2037	0.21025	-0.00655	0.0494	0.03125	0.01815	0.6231	0.6382	-0.015100000000000002	0.1238	0.13685	-0.013050000000000006
8JEI	A	hcar3_human	Gi/o	1	8IHK	R	0.2210327064836605	0.2172624666131988	0.0037702398704616835	11.1788	11.3218	-0.1429999999999989	5.6516	5.0691	0.5825000000000005	5.0323	4.7636	0.26869999999999994	12.3381	12.3403	-0.0021999999999984254	13.1197	13.7234	-0.6036999999999999	10.6252	10.4594	0.16579999999999906	13.1197	13.7234	-0.6036999999999999	1.3433	1.3352	0.008099999999999996	-58.1558	-86.7449	28.589100000000002	168.3968	155.129	13.267800000000022	5.3791	5.5282	-0.1490999999999998	5.6888	6.2195	-0.5307000000000004	6.8867	6.4137	0.47299999999999986	3.6749	3.6997	-0.024799999999999933	4.0162	4.4757	-0.45949999999999935	4.4959	4.2436	0.25229999999999997	17.9546	18.1614	-0.2068000000000012	-174.6062	-176.3413	1.7350999999999885	-86.6567	77.297	-163.9537	-72.5877	-76.3187	3.7310000000000088	-76.2084	70.0841	-146.29250000000002	3.3277	3.2507	0.07699999999999996	5.0721	5.1545	-0.0823999999999998	7.7754	7.5849	0.1905000000000001	-95.1441	-97.7206	2.57650000000001	72.3975	-90.906	163.30349999999999	11.0246	10.4664	0.5581999999999994	8.074	7.6102	0.4638	5.9641	5.2691	0.6950000000000003	3.1407	3.1152	0.025499999999999634	5.9505	5.9156	0.03489999999999949	5.3002	4.7386	0.5616000000000003	6.6132	6.9439	-0.3307000000000002	3.3804	3.6341	-0.25370000000000026	4.1628	4.915	-0.7522000000000002	31.1767	38.6501	-7.473400000000002	3.4125	3.6956	-0.28310000000000013	68.689	70.3434	-1.6544000000000096	8.0	8.0	0.0	12.8025	13.1754	-0.37289999999999957	10.9327	11.1451	-0.2123999999999988	15.6484	15.8333	-0.18489999999999895	20.6733	20.6515	0.021800000000002484	21.4469	21.8069	-0.35999999999999943	55.8259	55.3391	0.48679999999999524	46.5188	49.1888	-2.6700000000000017	1.4638	1.1389	0.32489999999999997	22.6903	22.6418	0.048500000000000654	20.5255	21.698	-1.1724999999999994	7.8788	7.7981	0.08070000000000022	12.1142	11.9742	0.14000000000000057	9.865	9.7753	0.08970000000000056	28.6974	29.2201	-0.5227000000000004	33.3905	33.433	-0.042499999999996874	21.8896	25.4338	-3.5442	15.0819	14.9237	0.158199999999999							14.9701	13.5299	1.4402000000000008	14.7354	11.4284	3.3070000000000004	0.625	0.625	0.0	3.0	3.0	0.0	-78.4598	-78.5964	0.1366000000000014	31.4225	30.294	1.128499999999999	1786.4356	1723.8211	62.614500000000135	160.9725	158.015	2.9575000000000102	19.5	19.5	0.0	14.3163	14.1842	0.13209999999999944	91.6121	88.4011	3.2109999999999985	34.2225	32.955	1.2674999999999983	3.3005	3.2388	0.06170000000000009	9.7393	9.8544	-0.11509999999999998	1502.41	1484.665	17.74500000000012	0.2804	0.2341	0.04629999999999998	-1.008	-0.9647	-0.043300000000000005	5.3499	5.2903	0.05959999999999965	20.579	20.5664	0.012599999999999056	17.327	17.1408	0.18620000000000303	9.355	9.2199	0.13509999999999955	0.9562	0.9578	-0.0015999999999999348	0.8907	0.8939	-0.0031999999999999806	0.4739	0.4683	0.005599999999999994	0.1087	0.0617	0.04700000000000001	0.4457	0.4692	-0.02350000000000002	0.5543	0.5308	0.023499999999999965	0.3928	0.3999	-0.007099999999999995	0.6072	0.6001	0.007099999999999995	0.2409	0.2412	-0.0002999999999999947	0.0403	0.0338	0.006500000000000006	0.6273	0.639	-0.011700000000000044	0.0915	0.086	0.005500000000000005
7TD0	R	lpar1_human	Gi/o	1	7YU4	A	0.3833240111480575	0.2442335247115803	0.13909048643647717	14.417	14.28	0.13700000000000045	10.1418	10.3884	-0.24660000000000082	3.9529	3.7307	0.22219999999999995	11.7588	12.1409	-0.38209999999999944	15.9118			13.2639			15.9118			1.3344	1.329	0.005400000000000071	-79.8024	-76.926	-2.876400000000004	177.8446	175.4444	2.4002000000000123	5.1182	5.0773	0.040899999999999714	5.8363	5.8667	-0.030400000000000205	6.9838	7.0528	-0.06900000000000084	3.5809	3.5276	0.053300000000000125	4.2976	4.1801	0.11749999999999972	5.0339	5.0598	-0.025900000000000034	17.9383	17.9968	-0.058499999999998664	-168.8623	-161.4979	-7.364400000000018	-72.1227	-80.515	8.392300000000006	-77.1503	-79.5821	2.4317999999999955	108.5462	111.7448	-3.198599999999999	2.1697	2.5085	-0.3388	5.39	5.1528	0.23719999999999963	7.499	6.9964	0.5025999999999993	-74.8794	-77.8645	2.9851000000000028	79.4903	88.7106	-9.220299999999995	7.9556	8.2487	-0.2930999999999999	4.2154	4.2179	-0.002500000000000391	6.2773	5.8496	0.42770000000000064	3.1855	3.1022	0.08330000000000037	6.2806	5.9372	0.3433999999999999	4.3235	4.4449	-0.12139999999999951	7.7184	7.7082	0.010200000000000209	4.1834	4.2627	-0.07929999999999993	4.3873	4.7041	-0.31680000000000064	31.9055	35.3231	-3.4175999999999966	3.5176	3.5864	-0.06879999999999997	43.0777	36.2986	6.7791	7.0	0.0	7.0	14.1329			13.6858			17.6411			24.2579			22.1146			55.5673			55.3337			6.0306			22.6858			7.4869			8.4706	8.3136	0.15700000000000003	12.775			10.2637	10.2633	0.0004000000000008441	27.499			49.3423			24.9579			16.2854	14.5981	1.6872999999999987	68.4352	73.8521	-5.416899999999998	10.1972	9.487	0.7102000000000004	18.3381	18.1329	0.20520000000000138	21.8089	20.7998	1.0091	0.2857			2.0	0.0	2.0	-69.4786			60.7587			953.2234			111.1175			17.55			11.8945			54.3147			2.9575			0.9703			7.9107			1108.64			-1.4713			-3.6301			7.7638			17.276			14.1804			7.7564			0.2836			0.8935			0.4225			0.0821			0.6808			0.3192			0.1685			0.8315			0.0138			0.084			0.2143			0.2353		
9IZG	R	lpar1_human	Gq/11	1	7YU4	A	0.3444244759066986	0.2442335247115803	0.10019095119511831	14.5122	14.28	0.23220000000000063	10.2995	10.3884	-0.08890000000000065	3.6627	3.7307	-0.06800000000000006	12.3293	12.1409	0.18839999999999968	16.3532			13.3943			16.3532			1.334	1.329	0.0050000000000001155	-79.8958	-76.926	-2.9697999999999922	171.7832	175.4444	-3.661200000000008	5.1466	5.0773	0.06930000000000014	5.4496	5.8667	-0.4170999999999996	6.8795	7.0528	-0.17330000000000023	3.7447	3.5276	0.21709999999999985	3.6588	4.1801	-0.5213000000000005	5.2429	5.0598	0.1830999999999996	17.4758	17.9968	-0.5210000000000008	-152.4942	-161.4979	9.00369999999998	83.5994	-80.515	164.1144	-82.0323	-79.5821	-2.4502000000000095	100.821	111.7448	-10.9238	2.1964	2.5085	-0.31210000000000004	5.2907	5.1528	0.13790000000000013	7.6677	6.9964	0.6712999999999996	-81.1913	-77.8645	-3.3267999999999915	-84.6491	88.7106	-173.3597	8.1198	8.2487	-0.1288999999999998	4.3902	4.2179	0.1722999999999999	5.7777	5.8496	-0.07189999999999941	3.1525	3.1022	0.05030000000000001	5.9372	5.9372	0.0	4.1682	4.4449	-0.27669999999999995	7.2422	7.7082	-0.4659999999999993	3.5667	4.2627	-0.6959999999999997	4.7691	4.7041	0.0649999999999995	29.8331	35.3231	-5.489999999999995	3.5502	3.5864	-0.03620000000000001	40.9936	36.2986	4.695	7.0	0.0	7.0	11.112			12.1377			17.0491			23.3178			20.7421			59.6745			56.1713			5.6641			22.7953			7.529			8.5026	8.3136	0.18900000000000006	12.696			10.6435	10.2633	0.3802000000000003	30.5997			50.6559			30.7468			16.0797	14.5981	1.4815999999999985	70.399	73.8521	-3.453099999999992	10.3255	9.487	0.8384999999999998	18.6497	18.1329	0.5167999999999999	21.8422	20.7998	1.042399999999997	0.2857			2.0	0.0	2.0	-95.9826			73.1423			1038.0825			124.6375			16.9			12.5974			61.425			5.07			1.2704			6.6522			1122.16			-1.3765			-3.5522			7.6013			17.5948			13.9342			8.0012			0.2917			0.8906			0.4418			0.027			0.6712			0.3288			0.2063			0.7937			0.0022			0.0906			0.2204			0.1777		
7VV5	R	mrgx2_human	Gi/o	1	7VV6	R	0.2608533774032545	0.2608533774032545	0.0	12.6956	12.6956	0.0	8.4004	8.4004	0.0	5.1136	5.1136	0.0	12.0556	12.0556	0.0	14.6147	14.6147	0.0	12.5933	12.5933	0.0	14.6147	14.6147	0.0	1.3351	1.3351	0.0	-62.8963	-62.8963	0.0	162.2005	162.2005	0.0	6.5646	6.5646	0.0	5.0521	5.0521	0.0	7.1683	7.1683	0.0	4.0273	4.0273	0.0	3.5941	3.5941	0.0	4.2946	4.2946	0.0	18.785	18.785	0.0	-166.2659	-166.2659	0.0	-89.1362	-89.1362	0.0							3.3948	3.3948	0.0	5.9159	5.9159	0.0	6.5727	6.5727	0.0	-65.7717	-65.7717	0.0	92.7461	92.7461	0.0	10.3844	10.3844	0.0	7.6232	7.6232	0.0	5.2665	5.2665	0.0	3.12	3.12	0.0	5.4012	5.4012	0.0	5.8524	5.8524	0.0	6.7953	6.7953	0.0	3.551	3.551	0.0	4.9857	4.9857	0.0	41.666	41.666	0.0	3.8291	3.8291	0.0	65.7337	65.7337	0.0	8.0	8.0	0.0	9.8152	9.8152	0.0	12.3855	12.3855	0.0	16.072	16.072	0.0	23.1852	23.1852	0.0	21.9676	21.9676	0.0	65.719	65.719	0.0	43.8222	43.8222	0.0	1.0906	1.0906	0.0	21.8541	21.8541	0.0	0.606	0.606	0.0	7.2516	7.2516	0.0	11.4725	11.4725	0.0	10.2082	10.2082	0.0	31.6538	31.6538	0.0	29.4175	29.4175	0.0	26.8526	26.8526	0.0	17.4177	17.4177	0.0													0.875	0.875	0.0	7.0	7.0	0.0	-80.2881	-80.2881	0.0	-13.1194	-13.1194	0.0	2133.8362	2133.8362	0.0	198.575	198.575	0.0	18.85	18.85	0.0	15.9007	15.9007	0.0	113.2009	113.2009	0.0	27.04	27.04	0.0	2.9338	2.9338	0.0	11.2895	11.2895	0.0	1671.41	1671.41	0.0	0.6173	0.6173	0.0	-1.9427	-1.9427	0.0	5.3242	5.3242	0.0	19.5687	19.5687	0.0	17.8559	17.8559	0.0	10.9803	10.9803	0.0	0.3141	0.3141	0.0	0.8277	0.8277	0.0	0.4796	0.4796	0.0	0.0489	0.0489	0.0	0.3838	0.3838	0.0	0.6162	0.6162	0.0	0.3694	0.3694	0.0	0.6306	0.6306	0.0				0.0588	0.0588	0.0	0.6508	0.6508	0.0	0.2904	0.2904	0.0
7S8L	R	mrgx2_human	Gq/11	1	7VV6	R	0.3357579997810506	0.2608533774032545	0.0749046223777961	13.7219	12.6956	1.026299999999999	8.9846	8.4004	0.5842000000000009	4.463	5.1136	-0.6505999999999998	12.6213	12.0556	0.5656999999999996	15.2503	14.6147	0.6356000000000002	11.617	12.5933	-0.9762999999999984	15.2503	14.6147	0.6356000000000002	1.3371	1.3351	0.0020000000000000018	-67.6078	-62.8963	-4.711500000000001	-179.8681	162.2005	-342.0686	6.331	6.5646	-0.23360000000000003	5.7903	5.0521	0.7382	7.3849	7.1683	0.21659999999999968	4.3181	4.0273	0.29079999999999995	3.8948	3.5941	0.30069999999999997	4.8597	4.2946	0.5651000000000002	19.5062	18.785	0.7211999999999996	-176.5338	-166.2659	-10.267900000000026	103.1207	-89.1362	192.2569							3.1086	3.3948	-0.2862	6.0794	5.9159	0.16349999999999998	6.8286	6.5727	0.2558999999999996	-76.1485	-65.7717	-10.376800000000003	83.2313	92.7461	-9.514799999999994	11.5506	10.3844	1.1662	8.6372	7.6232	1.0140000000000002	5.7131	5.2665	0.4466000000000001	3.1459	3.12	0.025900000000000034	5.3083	5.4012	-0.0929000000000002	8.159	5.8524	2.3066000000000004	8.4108	6.7953	1.6155	3.4341	3.551	-0.11690000000000023	6.3111	4.9857	1.3254000000000001	52.6058	41.666	10.939800000000005	4.3152	3.8291	0.4861	65.8588	65.7337	0.12510000000000332	8.0	8.0	0.0	10.3349	9.8152	0.5196999999999985	12.7783	12.3855	0.39279999999999937	16.7639	16.072	0.6919000000000004	24.6107	23.1852	1.425500000000003	22.7925	21.9676	0.8248999999999995	66.7035	65.719	0.9845000000000113	42.6133	43.8222	-1.2088999999999999	1.9329	1.0906	0.8423	23.2655	21.8541	1.4114000000000004	0.7126	0.606	0.10660000000000003	7.7851	7.2516	0.5335000000000001	12.0009	11.4725	0.5283999999999995	11.5529	10.2082	1.3446999999999996	31.0448	31.6538	-0.6090000000000018	27.3763	29.4175	-2.0412	27.729	26.8526	0.8764000000000003	17.2333	17.4177	-0.18440000000000012													0.75	0.875	-0.125	6.0	7.0	-1.0	-86.9556	-80.2881	-6.667500000000004	-7.3483	-13.1194	5.771100000000001	2516.9381	2133.8362	383.10189999999966	216.32	198.575	17.745000000000005	19.5	18.85	0.6499999999999986	16.596	15.9007	0.6952999999999996	129.0738	113.2009	15.872900000000001	36.7575	27.04	9.717500000000001	3.4206	2.9338	0.4867999999999997	11.9161	11.2895	0.6265999999999998	1911.39	1671.41	239.98000000000002	0.5726	0.6173	-0.04469999999999996	-1.8114	-1.9427	0.1313000000000002	5.4684	5.3242	0.14419999999999966	20.3778	19.5687	0.8091000000000008	18.966	17.8559	1.1101000000000028	11.6033	10.9803	0.6230000000000011	0.2862	0.3141	-0.02789999999999998	0.8221	0.8277	-0.005599999999999938	0.4681	0.4796	-0.01150000000000001	0.0376	0.0489	-0.011299999999999998	0.3954	0.3838	0.0116	0.6046	0.6162	-0.011599999999999944	0.4044	0.3694	0.034999999999999976	0.5956	0.6306	-0.03500000000000003				0.1014	0.0588	0.042600000000000006	0.619	0.6508	-0.03180000000000005	0.2796	0.2904	-0.010799999999999976
7S8P	R	mrgx4_human	Gq/11	1	8KEX	E	0.3721361026194916	0.3073921837685547	0.06474391885093689	14.6728	14.0156	0.6572000000000013	9.5919	8.6022	0.9897000000000009	3.8738	4.5706	-0.6967999999999996	12.5059	12.0067	0.4992000000000001	16.119	15.9517	0.16729999999999912	13.6803	13.1251	0.555200000000001	16.119	15.9517	0.16729999999999912	1.3318	1.3361	-0.0042999999999999705	-84.2581	-71.7324	-12.5257	165.3714	-54.8664	220.2378	6.3711	6.3864	-0.01529999999999987	5.5166	4.8813	0.6353	7.478	7.8519	-0.3738999999999999	3.8279	4.1947	-0.3668	3.3895	3.541	-0.15149999999999997	4.6345	5.1472	-0.5126999999999997	19.3657	19.1196	0.24610000000000198	177.5746	-164.5842	342.15880000000004	98.7256	-72.0025	170.72809999999998							3.1016	3.1284	-0.026800000000000157	6.2401	6.8248	-0.5846999999999998	7.1721	6.1151	1.0570000000000004	-77.5576	-70.6266	-6.930999999999997	82.2243	-78.359	160.5833	10.5241	10.8883	-0.3641999999999985	7.6571	7.8068	-0.14970000000000017	5.7364	5.342	0.3944000000000001	3.113	3.2147	-0.10170000000000012	5.2798	4.9149	0.36489999999999956	6.2456	5.578	0.6675999999999993	7.2744	7.3641	-0.08969999999999967	3.8588	3.9452	-0.08639999999999981	5.3483	4.716	0.6322999999999999	50.5574	46.1409	4.416499999999999	4.062	3.982	0.08000000000000007	66.8885	67.1566	-0.268100000000004	8.0	8.0	0.0	10.8511	10.0394	0.8117000000000001	12.6323	12.1957	0.4366000000000003	17.1122	16.5161	0.5960999999999999	25.5131	24.2479	1.2652	22.7526	21.8215	0.9311000000000007	69.1335	69.8493	-0.7158000000000015				2.052	0.6868	1.3652000000000002				1.553	6.0985	-4.5455	7.865	7.8499	0.015100000000000335	12.5271	11.7816	0.7455000000000016	11.1179	11.6416	-0.5236999999999998				26.1799	32.9403	-6.760400000000001	28.9547	31.1953	-2.2406000000000006	17.0591	16.9604	0.0987000000000009													0.7	0.8	-0.10000000000000009	6.0	7.0	-1.0	-88.7462	-61.5807	-27.1655	9.1123	-10.8063	19.918599999999998																																																																																	
7L0P	C	ntr1_rat	Gi/o	2	4XEE;4XES	A	0.1772132099338002	0.2064950633248019	-0.0292818533910017	12.3435	12.119	0.2245000000000008	5.5906	4.75445	0.83615	2.3004	4.3497	-2.0493000000000006	14.8535	12.44665	2.4068500000000004	14.2688	13.4513	0.8175000000000008	10.6411	8.615649999999999	2.025450000000001	14.2688	13.4513	0.8175000000000008	1.3363	1.3244500000000001	0.011849999999999916	-97.9635	-67.12035	-30.843149999999994	168.4253	-145.34935000000002	313.77465	4.2966	4.739050000000001	-0.4424500000000009	6.2016	6.519	-0.3174000000000001	6.0635	6.18975	-0.12624999999999975	3.7517	3.9897	-0.238	4.5802	4.7780000000000005	-0.19780000000000086	3.5417	4.3857	-0.8439999999999999	16.5617	17.4478	-0.8861000000000026	172.1196	-162.97654999999997	335.09614999999997	62.5208	67.62905	-5.108250000000005	-59.6529	-81.36295	21.710049999999995	85.3872	36.6808	48.70640000000001	2.2814	3.00305	-0.7216499999999999	6.0839	4.6024	1.4814999999999996	7.2712	7.559749999999999	-0.288549999999999	-68.4711	-81.03225	12.561149999999998	-29.4001	1.1786999999999992	-30.578799999999998	11.2263	8.3149	2.9114000000000004	8.3112	5.777749999999999	2.53345	6.0177	5.075749999999999	0.9419500000000003	3.0703	3.1077000000000004	-0.03740000000000032	3.0178	6.52365	-3.50585	5.0387	4.3604	0.6783000000000001	5.751	5.8004	-0.049399999999999444	4.0711	3.54095	0.5301500000000003	4.7477	4.676550000000001	0.07114999999999938	41.6354	32.35665	9.278749999999995	3.7559	3.4465500000000002	0.3093499999999998	49.3912	39.16915	10.222049999999996	8.0	8.0	0.0	9.771	10.421	-0.6499999999999986	11.1818	11.59985	-0.41804999999999914	15.8813	16.534100000000002	-0.6528000000000027	22.1203	22.329349999999998	-0.20904999999999774	24.484	23.032899999999998	1.4511000000000038	52.8445	53.3097	-0.46520000000000294	41.4705	46.1092	-4.6387	1.5604	1.36405	0.19635000000000002	22.1281	22.0156	0.11250000000000071	23.7414	26.664250000000003	-2.922850000000004	7.8177	7.64145	0.17625000000000046	11.8726	11.5674	0.305200000000001	9.8482	9.5226	0.32559999999999967	33.3598	36.086349999999996	-2.726549999999996	30.1479	19.159100000000002	10.988799999999998	23.2524	28.228650000000002	-4.97625	13.8517	11.115200000000002	2.7364999999999977	83.465	71.65675	11.808250000000001	10.4022	10.20215	0.20005000000000095	19.7883	18.8213	0.9669999999999987	15.7606	15.118749999999999	0.6418500000000016	0.875	0.8125	0.0625	7.0	6.5	0.5	-73.7873	-82.31315000000001	8.525850000000005	-17.1649	-12.554	-4.610899999999999	1286.8927	789.8215	497.0712000000001	111.9625	72.45875000000001	39.50375	19.5	18.85	0.6499999999999986	11.9396	9.5939	2.345700000000001	65.9945	41.90035	24.09415	12.2525	17.322499999999998	-5.0699999999999985	1.9749	2.3475	-0.37260000000000004	8.3478	6.395849999999999	1.95195	1404.39	1117.935	286.45500000000015	0.791	0.8249500000000001	-0.033950000000000036	-2.3434	-2.3229499999999996	-0.0204500000000003	5.224	4.0922	1.1318000000000001	19.6502	21.19755	-1.547349999999998	17.1799	13.35895	3.82095	7.7801	7.0056	0.7744999999999997	0.9393	0.96385	-0.02454999999999996	0.9183	0.9436	-0.02529999999999999	0.4074	0.36905	0.038349999999999995	0.0977	0.17225	-0.07454999999999999	0.392	0.3507	0.0413	0.608	0.6493	-0.0413	0.2706	0.17955	0.09105000000000002	0.7294	0.8204499999999999	-0.09104999999999985	0.1626	0.00245	0.16015	0.0106	0.0101	0.0005000000000000004	0.2533	0.21339999999999998	0.03990000000000005	0.1581	0.3246	-0.1665
8FMZ	A	ntr1_rat	Gq/11	2	4XEE;4XES	A	0.2575980708015378	0.2064950633248019	0.05110300747673591	12.3353	12.119	0.21630000000000038	6.6924	4.75445	1.9379499999999998	4.5555	4.3497	0.20579999999999998	11.863	12.44665	-0.5836500000000004	14.5956	13.4513	1.1442999999999994	10.9448	8.615649999999999	2.329150000000002	14.5956	13.4513	1.1442999999999994	1.3341	1.3244500000000001	0.009649999999999936	-72.8501	-67.12035	-5.729749999999996	179.2178	-145.34935000000002	324.56715	4.368	4.739050000000001	-0.3710500000000003	6.0889	6.519	-0.43010000000000037	6.0687	6.18975	-0.12105000000000032	4.0327	3.9897	0.04300000000000015	4.4672	4.7780000000000005	-0.3108000000000004	4.1424	4.3857	-0.24329999999999963	16.5256	17.4478	-0.9222000000000001	-166.9758	-162.97654999999997	-3.9992500000000177	83.3802	67.62905	15.751149999999996	-76.9905	-81.36295	4.372450000000001	32.1069	36.6808	-4.573899999999995	3.3497	3.00305	0.3466499999999999	4.7832	4.6024	0.18079999999999963	7.6261	7.559749999999999	0.0663500000000008	-76.9943	-81.03225	4.037950000000009	-92.6727	1.1786999999999992	-93.85140000000001	9.0689	8.3149	0.7539999999999996	6.1508	5.777749999999999	0.373050000000001	5.5338	5.075749999999999	0.45805000000000096	3.1033	3.1077000000000004	-0.004400000000000404	6.1676	6.52365	-0.35604999999999976	4.7686	4.3604	0.4081999999999999	6.7337	5.8004	0.9333	3.6293	3.54095	0.08835000000000015	4.4479	4.676550000000001	-0.2286500000000009	33.0331	32.35665	0.6764499999999956	3.4698	3.4465500000000002	0.023249999999999993	63.6107	39.16915	24.44155	8.0	8.0	0.0	10.3559	10.421	-0.06509999999999927	11.4136	11.59985	-0.18624999999999936	16.2786	16.534100000000002	-0.2555000000000014	22.0465	22.329349999999998	-0.28284999999999627	21.731	23.032899999999998	-1.3018999999999963	56.1544	53.3097	2.844700000000003	41.4402	46.1092	-4.669000000000004	0.5626	1.36405	-0.80145	23.2304	22.0156	1.2148000000000003	25.7876	26.664250000000003	-0.8766500000000015	8.0387	7.64145	0.39725000000000055	12.1043	11.5674	0.536900000000001	8.9732	9.5226	-0.5494000000000003	36.718	36.086349999999996	0.6316500000000076	30.1323	19.159100000000002	10.973199999999999	23.0557	28.228650000000002	-5.17295	14.6726	11.115200000000002	3.5573999999999977		71.65675			10.20215		16.7275	18.8213	-2.0938000000000017	15.104	15.118749999999999	-0.014749999999999375	0.875	0.8125	0.0625	7.0	6.5	0.5	-69.69	-82.31315000000001	12.62315000000001	-15.2563	-12.554	-2.7022999999999993	1398.9398	789.8215	609.1183000000001	153.79	72.45875000000001	81.33124999999998	19.5	18.85	0.6499999999999986	13.9933	9.5939	4.3994	71.7405	41.90035	29.840149999999994	16.055	17.322499999999998	-1.2674999999999983	2.2606	2.3475	-0.08689999999999998	8.3565	6.395849999999999	1.9606500000000011	1444.105	1117.935	326.1700000000001	0.2257	0.8249500000000001	-0.5992500000000001	-2.5614	-2.3229499999999996	-0.23845000000000027	6.2535	4.0922	2.1612999999999998	19.3616	21.19755	-1.8359500000000004	14.7267	13.35895	1.3677499999999991	10.8358	7.0056	3.8302000000000005	0.9564	0.96385	-0.007449999999999957	0.8287	0.9436	-0.1149	0.4189	0.36905	0.049850000000000005	0.1178	0.17225	-0.054449999999999985	0.4411	0.3507	0.09039999999999998	0.5589	0.6493	-0.09040000000000004	0.2676	0.17955	0.08805000000000002	0.7324	0.8204499999999999	-0.08804999999999985	0.2434	0.00245	0.24095	0.0394	0.0101	0.0293	0.2709	0.21339999999999998	0.057499999999999996	0.0727	0.3246	-0.2519
8F7S	R	oprd_human	Gi/o	1	6PT3	A	0.3089038170879946	0.147435174598102	0.1614686424898926	13.3595	8.7608	4.598700000000001	9.3339	6.7057	2.6281999999999996	4.3181	4.3801	-0.06199999999999939	13.8492	12.6337	1.2155000000000005	15.8365	9.9794	5.857099999999999	12.0852	6.3465	5.738700000000001	15.8365	9.9794	5.857099999999999	1.3399	1.3542	-0.01429999999999998	-71.1252	-75.033	3.9077999999999946	-176.6264	-92.671	-83.95539999999998	5.6496	5.2815	0.3681000000000001	5.9811	5.4095	0.5715999999999992	6.4219	5.9414	0.48050000000000015	3.7412	3.392	0.3492000000000002	4.2092	3.7297	0.47950000000000026	4.5242	4.2309	0.29330000000000034	18.0526	16.6324	1.4202000000000012	-169.6056	-172.5228	2.91719999999998	81.1847	87.6153	-6.430599999999998	-74.1069	-79.0734	4.966500000000011	107.3068	108.123	-0.8162000000000091	2.6259	2.3264	0.2995000000000001	5.5203	5.5163	0.0039999999999995595	7.6003	7.0752	0.5251000000000001	-69.3701	-167.7316	98.36149999999999	-18.8087	-83.5025	64.6938	9.9851	16.0442	-6.059100000000001	7.5816	13.4383	-5.8567	5.106	8.9035	-3.7974999999999994	3.0231	3.1655	-0.1424000000000003	6.4763	5.6912	0.7850999999999999	5.2182	5.1485	0.0697000000000001	10.0756	10.2041	-0.12850000000000072	5.7965	5.5076	0.28889999999999993	10.3343	9.3737	0.9606000000000012	56.1823	36.3655	19.8168	4.8652	4.3483	0.5168999999999997	57.3119	71.2509	-13.939	8.0	8.0	0.0	9.8129	9.605	0.20790000000000042	11.1617	10.6677	0.4939999999999998	15.2573	15.3923	-0.1349999999999998	22.9977	17.6317	5.366	23.617	21.3183	2.2987	42.6507	39.9155	2.735199999999999	50.319	35.4589	14.860100000000003	1.4072	1.0054	0.40179999999999993	23.3346	22.5345	0.8000999999999969	23.6568	18.2701	5.386700000000001	8.1548	9.1297	-0.9748999999999999	12.1643	13.0584	-0.8940999999999999	10.7307	8.2357	2.495000000000001	34.9899	20.3299	14.66	42.5191	23.3931	19.126	25.1621	9.6518	15.510299999999999	16.767	16.6716	0.09539999999999793	34.484	37.9496	-3.465599999999995	10.3741	10.54	-0.16589999999999883	17.258	17.1778	0.08019999999999783	18.9548	19.3619	-0.4070999999999998	0.875	0.875	0.0	7.0	7.0	0.0	-70.7913	-75.6141	4.822799999999987	-20.4194	-23.3727	2.9532999999999987	1501.6495	631.0883	870.5612	164.3525	84.0775	80.27499999999999	20.15	19.5	0.6499999999999986	14.4658	10.3465	4.119299999999999	74.5235	32.3635	42.16	18.1675	14.7875	3.380000000000001	2.4048	2.1696	0.23519999999999985	7.699	4.9237	2.7752999999999997	1755.91	1335.1	420.8100000000002	-1.0246	-1.0846	0.06000000000000005	-0.8093	-1.5274	0.7181000000000001	6.2988	4.1485	2.1502999999999997	20.4382	23.7869	-3.348700000000001	17.8889	23.3504	-5.461500000000001	10.2003	6.8197	3.3806000000000003	0.8436	0.948	-0.10439999999999994	0.8666	0.958	-0.09139999999999993	0.3612	0.2665	0.0947	0.0724	0.1427	-0.07029999999999999	0.5931	0.7032	-0.11010000000000009	0.4069	0.2968	0.11009999999999998	0.451	0.3703	0.0807	0.549	0.6297	-0.0807	0.139	0.1321	0.006900000000000017	0.0408	0.0254	0.015400000000000004	0.385	0.2795	0.10549999999999998	0.0312	0.1042	-0.07300000000000001
4X1H	A	opsd_bovin	Gi/o	13	3CAP;3PXO;4BEZ;5DYS;5TE3;6FK6;6FK7;6FK8;6FK9;6FKA;6FKB;6FKC;6FKD	A	0.3234554986402512	0.3277339983311587	-0.004278499690907489	13.5994	13.2386	0.36079999999999934	8.9259	8.2707	0.6552000000000007	5.0336	4.926	0.1075999999999997	12.7878	12.6709	0.11690000000000111	14.7212	14.6633	0.05790000000000006	13.0249	12.7996	0.22530000000000072	14.7212	14.6633	0.05790000000000006	1.3275	1.3351	-0.007600000000000051	-77.3962	-68.8457	-8.5505	169.8586	167.5548	2.3037999999999954	5.3636	5.1127	0.2508999999999997	6.2093	6.6378	-0.42850000000000055	6.7784	7.0066	-0.2281999999999993	3.9626	4.0254	-0.06280000000000019	3.3665	3.6085	-0.242	4.1439	4.2589	-0.11499999999999932	18.3513	18.6681	-0.31680000000000064	-177.3925	-175.5425	-1.8500000000000227	85.5411	86.3586	-0.8174999999999955	-72.2956	-171.9488	99.65320000000001	112.7258	95.5533	17.172500000000014	4.0592	10.6751	-6.615900000000001	6.2876	6.3484	-0.06079999999999952	7.4104	6.7037	0.7066999999999997	-71.6681	-72.4067	0.7386000000000053	-83.6202	83.5402	-167.16039999999998	8.0181	7.8363	0.18180000000000085	4.5561	4.3701	0.18599999999999994	5.4933	5.6093	-0.11600000000000055	3.0647	3.0987	-0.03399999999999981	6.8695	6.9227	-0.05319999999999947	5.143	5.1368	0.006199999999999761	6.5738	6.6122	-0.038399999999999324	4.3908	4.3209	0.06989999999999963	6.2872	6.3989	-0.11169999999999991	42.2272	42.3874	-0.16019999999999612	3.8393	3.8346	0.0047000000000001485	64.0181	68.6361	-4.617999999999995	7.0	7.0	0.0	12.0851	11.9257	0.15939999999999976	12.0144	12.1482	-0.13379999999999903	15.0785	14.9745	0.1039999999999992	23.2863	23.142	0.1443000000000012	24.2898	24.3822	-0.09240000000000137	74.6273	73.3174	1.309899999999999	82.9798	82.6728	0.30700000000000216	4.0023	4.4021	-0.39979999999999993	22.3841	22.4674	-0.08330000000000126	17.8851	14.3153	3.5698000000000008	7.7409	7.7316	0.009299999999999642	11.5144	11.686	-0.17159999999999975	8.9605	9.281	-0.3205000000000009	37.6506	35.1993	2.4512999999999963	35.4726	36.7787	-1.3061000000000007	23.3181	21.5945	1.7236000000000011	17.1126	16.9921	0.12049999999999983	43.3483	39.5867	3.7616000000000014	10.182	10.3101	-0.12809999999999988	17.22	17.6939	-0.47390000000000043	19.7857	19.6634	0.12229999999999919	0.1429	0.2857	-0.1428	1.0	1.0	0.0	-72.4085	-99.0841	26.675600000000003	94.7403	75.1989	19.54140000000001	997.9873	1036.984	-38.99669999999992	127.595	126.75	0.8449999999999989	16.9	16.25	0.6499999999999986	12.7459	12.7037	0.042200000000001125	59.0525	63.8144	-4.761899999999997	3.8025	5.07	-1.2675	1.1002	1.2704	-0.1701999999999999	7.1633	7.1921	-0.02880000000000038	1047.8	1073.15	-25.350000000000136	-1.3351	-1.2961	-0.038999999999999924	-3.6609	-3.6126	-0.04829999999999979	7.3792	7.4425	-0.06329999999999991	17.4256	18.0714	-0.6458000000000013	13.2956	13.1399	0.1556999999999995	8.1471	8.291	-0.14390000000000036	0.5617	0.5631	-0.0014000000000000679	0.884	0.8872	-0.0031999999999999806	0.4609	0.4599	0.0010000000000000009	0.1376	0.0802	0.05740000000000001	0.6145	0.6566	-0.042099999999999915	0.3855	0.3434	0.042100000000000026	0.1863	0.2144	-0.028100000000000014	0.8137	0.7856	0.028100000000000014	0.2248	0.1969	0.027900000000000008	0.0624	0.0707	-0.008300000000000002	0.2458	0.2252	0.02059999999999998	0.0334	0.0293	0.0040999999999999995
7WU9	R	pe2r3_human	Gi/o	1	6AK3	B	0.2584520032560554	0.2080089741893045	0.05044302906675088	13.3033	11.7355	1.5678	7.2325	6.1208	1.1117	3.3366	4.0825	-0.7458999999999998	13.3634	12.6267	0.7367000000000008	14.3123	13.1407	1.1715999999999998	11.2177	10.1996	1.0181000000000004	14.3123	13.1407	1.1715999999999998	1.3346	1.3358	-0.0012000000000000899	-55.3294	-57.9008	2.571399999999997	151.1454	177.3448	-26.199399999999997	4.3724	4.3829	-0.010500000000000398	5.8632	6.5731	-0.7099000000000002	7.8441	7.5904	0.25370000000000026	3.6617	3.4769	0.18480000000000008	3.8275	4.0196	-0.1920999999999995	5.6009	5.9275	-0.3266	18.0798	18.5465	-0.466700000000003	-177.3179	-81.5099	-95.808	62.6227	165.0306	-102.40789999999998	-62.6309	-86.1326	23.5017	69.3179	102.4397	-33.12180000000001	2.407	2.342	0.06499999999999995	7.075	7.2205	-0.14550000000000018	7.2309	7.7162	-0.4852999999999996	-68.3114	-75.3059	6.994499999999988	-38.2684	-80.1885	41.920100000000005	9.7133	9.2808	0.432500000000001	7.1035	6.6517	0.4518000000000004	6.4418	5.8838	0.5579999999999998	3.2261	3.1865	0.03960000000000008	5.1647	5.5077	-0.34299999999999997	6.7548	4.6296	2.1252000000000004	9.0036	7.6253	1.3783000000000003	4.235	4.7348	-0.4997999999999996	5.5281	4.6542	0.8738999999999999	41.4157	23.9952	17.4205	3.9069	3.2782	0.6286999999999998	72.4012	73.8806	-1.4793999999999983	8.0	8.0	0.0	10.222	10.2594	-0.03739999999999988	11.7663	11.9457	-0.17940000000000111	16.6847	16.4271	0.25760000000000005	23.7425	21.5106	2.2318999999999996	23.18	21.7732	1.4068000000000005	47.7394	54.63	-6.890599999999999	43.7133	43.8221	-0.10880000000000223	1.5365	2.3338	-0.7973000000000001	22.57	22.9466	-0.3765999999999998	6.7193	4.0686	2.6506999999999996	7.6164	6.9854	0.6309999999999993	11.7932	10.6847	1.1085000000000012	9.6397	9.1326	0.5070999999999994	34.0064	29.2454	4.760999999999999	39.0161	33.9911	5.024999999999999	20.4452	17.0466	3.3985999999999983	16.3992	15.7257	0.6735000000000007	57.3816	85.2977	-27.916100000000007	9.5343	22.9741	-13.4398	20.9468	19.1243	1.822499999999998	14.4595	11.3523	3.1072000000000006	0.875	0.875	0.0	7.0	7.0	0.0	-75.9054	-83.4077	7.502300000000005	-11.2735	-6.0195	-5.2540000000000004	788.723	651.1359	137.58709999999996	92.105	95.9075	-3.802499999999995	19.5	14.95	4.550000000000001	10.8292	11.0505	-0.22129999999999939	40.4473	43.5542	-3.106900000000003	3.38	2.535	0.8449999999999998	1.0372	0.8983	0.1388999999999999	5.406	5.091	0.3149999999999995	1346.93	996.255	350.67500000000007	-1.7016	-1.3719	-0.3297000000000001	-3.1284	-3.7622	0.6337999999999999	6.7082	7.5852	-0.8770000000000007	20.8702	18.2402	2.629999999999999	18.1607	12.3862	5.774499999999998	6.9812	7.2104	-0.22919999999999963	0.1788	0.0401	0.1387	0.9424	0.9186	0.023800000000000043	0.3065	0.3647	-0.05820000000000003	0.1393	0.1278	0.01150000000000001	0.6828	0.725	-0.042200000000000015	0.3172	0.275	0.04219999999999996	0.2291	0.1999	0.029200000000000004	0.7709	0.8001	-0.029200000000000004	0.0698	0.2558	-0.18600000000000003	0.0372	0.0569	-0.019700000000000002	0.237	0.231	0.005999999999999978	0.0275	0.0025	0.025
8WCB	R	taar1_mouse	Gq/11	1	8WCC	R	0.3122050834702308	0.3155232478357686	-0.0033181643655378346	15.3997	15.4992	-0.09950000000000081	12.131	12.2671	-0.136099999999999	5.2394	4.9187	0.32069999999999954	10.9501	11.5119	-0.5617999999999999										1.3283	1.3186	0.009700000000000042	-158.9168	-146.4425	-12.4743	160.1268	150.5727	9.554100000000005	5.0929	5.2221	-0.12919999999999998	6.1735	6.1671	0.006400000000000183	7.6981	8.163	-0.4649000000000001	3.4042	3.4879	-0.08369999999999989	4.0868	3.7545	0.33230000000000004	5.2214	5.0537	0.16769999999999996	18.9645	19.5522	-0.5876999999999981	172.0834	172.6492	-0.5657999999999959	87.8361	88.2465	-0.41039999999999566	-62.4205	-69.1761	6.755600000000008	126.773	127.825	-1.0520000000000067	3.3175	2.9192	0.3982999999999999	5.6873	6.1937	-0.5064000000000002	7.5368	7.7035	-0.16669999999999963	-66.8029	-57.6217	-9.181199999999997	80.169	70.3418	9.82719999999999	7.7438	8.3204	-0.5765999999999991	3.6591	4.5435	-0.8843999999999999	5.8476	5.8767	-0.02909999999999968	3.0361	3.1561	-0.1200000000000001	7.6954	7.0244	0.6710000000000003	5.5518	5.8077	-0.2558999999999996	9.3752	9.0365	0.33869999999999933	4.0996	3.9749	0.12469999999999981	6.4049	7.0873	-0.6824000000000003	39.0489	37.0227	2.026200000000003	3.928	3.8731	0.05489999999999995	58.1917	60.5863	-2.394600000000004	8.0	8.0	0.0	10.5388	11.0659	-0.527099999999999	10.4625	11.185	-0.7225000000000001	16.2949	17.1603	-0.8654000000000011	24.1473	25.2162	-1.0688999999999993	19.9958	20.89	-0.8942000000000014	39.1844	39.2354	-0.05100000000000193	28.5528	31.7643	-3.2114999999999974	1.641	0.7023	0.9387	22.5018	23.1095	-0.6077000000000012	22.9565	24.5991	-1.6426000000000016	9.1021	9.0529	0.0492000000000008	13.0468	12.8213	0.22549999999999848	10.0233	10.3034	-0.2800999999999991	33.0423	33.8558	-0.8135000000000048							16.2216	16.8241	-0.6025000000000027		51.7309			10.8672		14.7043	17.1959	-2.491600000000002	17.5588	21.3608	-3.8019999999999996	0.875	0.875	0.0	7.0	7.0	0.0	-93.0825	-80.1227	-12.959800000000001	0.4449	-17.9878	18.4327																																																																																	
8ZSV	R	taar1_mouse	Gs	1	8WCC	R	0.4434144430413129	0.3155232478357686	0.12789119520554426	15.2601	15.4992	-0.23910000000000053	12.3111	12.2671	0.04400000000000048	4.6317	4.9187	-0.2869999999999999	11.6407	11.5119	0.12880000000000003	20.845			16.3205			20.845			1.3325	1.3186	0.013900000000000023	-51.6991	-146.4425	94.7434	-163.5817	150.5727	-314.1544	5.4281	5.2221	0.20599999999999952	5.8081	6.1671	-0.359	8.4027	8.163	0.23969999999999914	3.7629	3.4879	0.27500000000000036	3.9307	3.7545	0.1761999999999997	5.2324	5.0537	0.17870000000000008	19.6389	19.5522	0.08670000000000044	170.5085	172.6492	-2.1407000000000096	80.797	88.2465	-7.4495000000000005	-90.1588	-69.1761	-20.982699999999994	130.2118	127.825	2.386800000000008	2.4999	2.9192	-0.41930000000000023	6.3922	6.1937	0.19850000000000012	7.426	7.7035	-0.27749999999999986	-71.7575	-57.6217	-14.135799999999996	82.6031	70.3418	12.261299999999991	7.5076	8.3204	-0.8127999999999993	3.9182	4.5435	-0.6252999999999997	5.306	5.8767	-0.5706999999999995	3.1147	3.1561	-0.04139999999999988	6.7371	7.0244	-0.2873000000000001	4.2657	5.8077	-1.5419999999999998	7.2794	9.0365	-1.7571000000000003	3.9645	3.9749	-0.010399999999999743	5.0605	7.0873	-2.0267999999999997	28.9692	37.0227	-8.0535	3.3887	3.8731	-0.48439999999999994	57.0895	60.5863	-3.4968000000000004	8.0	8.0	0.0	10.7783	11.0659	-0.2875999999999994	10.6862	11.185	-0.498800000000001	16.1567	17.1603	-1.0035999999999987	24.7919	25.2162	-0.42430000000000234	20.6034	20.89	-0.28659999999999997	39.6896	39.2354	0.45420000000000016	31.7098	31.7643	-0.05449999999999733	1.163	0.7023	0.4607	22.391	23.1095	-0.7185000000000024	28.6677	24.5991	4.0686	8.2337	9.0529	-0.8191999999999986	11.9032	12.8213	-0.9181000000000008	12.1864	10.3034	1.883000000000001	36.181	33.8558	2.3251999999999953	59.8451			36.1404			17.9872	16.8241	1.1631	56.1789	51.7309	4.448	10.6426	10.8672	-0.22460000000000058	16.1264	17.1959	-1.0695000000000014	20.3325	21.3608	-1.0283000000000015	0.75	0.875	-0.125	4.0	7.0	-3.0	-91.7421	-80.1227	-11.619399999999999	-3.1845	-17.9878	14.8033	2139.6034			185.4775			21.45			15.3674			99.7484			8.0275			1.5985			8.3879			1651.13			0.4857			-2.4214			8.1403			18.8546			16.436			12.9323			0.885			0.7277			0.4863			0.1506			0.4183			0.5817			0.2728			0.7272			0.2382			0.0359			0.1246			0.1214		
8IW9	R	taar9_mouse	Gs	2	8IWE;8IWM	R	0.3864179158137833	0.40124351743867764	-0.014825601624894325	15.3098	15.01295	0.29684999999999917	12.469	12.1182	0.35079999999999956	3.8928	4.659000000000001	-0.7662000000000009	12.2356	12.005600000000001	0.22999999999999865	18.16	17.67155	0.4884500000000003	15.044	14.68735	0.35665000000000013	18.16	17.67155	0.4884500000000003	1.3283	1.32795	0.0003500000000000725	-168.597	-116.4126	-52.18440000000001	65.283	6.427600000000002	58.8554	5.0485	4.83	0.2184999999999997	6.0899	6.14595	-0.05604999999999993	8.2937	8.18165	0.11204999999999998	3.6241	3.82325	-0.19914999999999994	3.192	3.7146999999999997	-0.5226999999999995	5.7629	4.9703	0.7926000000000002	19.4321	19.157600000000002	0.2744999999999962	154.5781	161.9287	-7.350599999999986	84.0339	70.4625	13.571399999999997	-100.5761	-106.1274	5.551299999999998	89.4808	102.196	-12.715199999999996	3.298	3.97885	-0.68085	6.2369	5.3825	0.8544	6.9271	6.487299999999999	0.43980000000000086	-84.3981	-66.63695	-17.76115	-20.0171	80.87665	-100.89375	8.38	8.3128	0.06720000000000148	3.9688	4.15885	-0.19005000000000027	5.1948	5.18065	0.014149999999999885	3.0973	3.1325000000000003	-0.03520000000000012	5.8674	6.2684	-0.4009999999999998	6.1432	5.5783000000000005	0.5648999999999997	8.187	8.1823	0.004699999999999704	4.1936	3.8634500000000003	0.3301499999999997	5.639	5.9388000000000005	-0.2998000000000003	44.1059	39.73555	4.370349999999995	3.8949	3.8348	0.06009999999999982	58.1822	60.543549999999996	-2.3613499999999945	8.0	8.0	0.0	11.2118	11.158850000000001	0.052949999999999164	11.6339	11.270150000000001	0.3637499999999996	16.5433	16.5064	0.03689999999999927	25.2387	24.71195	0.5267499999999998	22.0012	21.2314	0.7698	45.0764	45.1533	-0.07690000000000197	29.3916	32.43	-3.0383999999999993	1.1191	0.956	0.16310000000000002	22.802	22.717550000000003	0.0844499999999968	13.016	14.1269	-1.110899999999999	8.4726	8.45565	0.016949999999999577	12.3687	12.2132	0.15549999999999997	10.5841	10.10755	0.4765499999999996	34.3991	34.8496	-0.45050000000000523	60.6427	61.6959	-1.053200000000004	32.0164	29.753	2.263399999999997	18.9323	18.801499999999997	0.13080000000000425	58.8486	54.82315	4.025449999999999	10.4355	10.5974	-0.16190000000000104	17.4077	17.1982	0.20949999999999847	22.5487	22.131549999999997	0.417150000000003	0.75	0.75	0.0	4.0	4.0	0.0	-88.5007	-85.66955	-2.831149999999994	-11.6344	-9.66225	-1.9721499999999992	1331.1074	1265.6093	65.49810000000002	158.86	147.66375	11.19625000000002	18.85	17.875	0.9750000000000014	14.2221	13.71145	0.51065	70.6158	70.77965	-0.1638500000000107	1.2675	5.70375	-4.43625	0.6352	1.3280500000000002	-0.6928500000000002	8.0754	7.94805	0.12734999999999985	1322.425	1283.1325	39.29250000000002	-1.1911	-1.3973499999999999	0.20624999999999982	-3.3589	-3.2865	-0.07240000000000002	7.9402	7.8634	0.07679999999999954	16.5919	15.7369	0.8549999999999986	13.8308	14.33105	-0.5002499999999994	11.2416	11.06035	0.18125000000000036	0.1298	0.22815000000000002	-0.09835000000000002	0.7355	0.7089000000000001	0.026599999999999957	0.4425	0.44195	0.0005499999999999949	0.1013	0.1029	-0.0016000000000000042	0.6035	0.6548499999999999	-0.051349999999999896	0.3965	0.34514999999999996	0.05135000000000006	0.2434	0.21289999999999998	0.030500000000000027	0.7566	0.7870999999999999	-0.03049999999999986	0.2253	0.20279999999999998	0.02250000000000002	0.0635	0.06315000000000001	0.0003499999999999892	0.1636	0.18030000000000002	-0.01670000000000002	0.0407	0.0346	0.006100000000000001
