all_folds_converged	balanced_accuracy	experiment	log_loss	macro_pr_auc	macro_roc_auc	matthews_correlation	n	n_predictions	n_receptors	valid_folds	validation	task_id	runtime_seconds	balanced_accuracy_ci_high	balanced_accuracy_ci_low	frame_subset	macro_pr_auc_ci_high	macro_pr_auc_ci_low	matthews_correlation_ci_high	matthews_correlation_ci_low	bootstrap_valid_iterations	macro_roc_auc_ci_low	macro_roc_auc_ci_high	log_loss_ci_low	log_loss_ci_high
True	0.6137435138545017	global_identity_knn	0.8513940468802259	0.6568994410468467	0.8019159548365448	0.4198198173829706	207	207	169	5	receptor_grouped_5fold	knn__receptor	25.543329000473022								2000	0.7563802674949802	0.8435278779880296	0.7211834126068579	0.9867563762807335
True	0.3682755153343389	global_identity_knn	1.257861408893798	0.3755591241931427	0.549548286225276	0.055237951838807274	207	207	169	2	sequence_cluster_30_grouped_5fold	knn__seq30	15.199540138244629								2000	0.4944762001492153	0.6052432191634086	1.1441572574610248	1.3753550150204132
True	0.3752217384292856	global_identity_knn	2.0460433205012327	0.3725654731537565	0.5520336363413948	0.0578914159134686	207	207	169	5	sequence_cluster_40_grouped_5fold	knn__seq40	23.097389221191406								2000	0.5003791040921419	0.6019156335706833	1.7958296400442244	2.305374359695348
True	0.41405086466129754	global_identity_knn	1.3896268576135895	0.3968193619278946	0.569989515819418	0.1185390099222679	207	207	169	5	sequence_cluster_50_grouped_5fold	knn__seq50	30.189825296401978								2000	0.5149776534296951	0.6227841442153799	1.211793356099135	1.58384187397754
True	0.4181915630306307	coarse_taxonomy	1.0841893753333678	0.41149327632225335	0.5947021556102863	0.10945028940888792	207	207	169	5	receptor_grouped_5fold	primary__coarse_taxonomy__receptor	4.301471948623657			all					2000	0.5411920196073846	0.6473662943313073	1.0531491531174204	1.1186904204424757
True	0.3015381769543812	coarse_taxonomy	1.0972573282132823	0.31733394852211294	0.4537036569751116	-0.025983856898750702	207	207	169	2	sequence_cluster_30_grouped_5fold	primary__coarse_taxonomy__seq30	3.099529504776001			all					2000	0.4053670132968761	0.5041665551925757	1.0895675708543535	1.104830642291782
True	0.33761395220884677	coarse_taxonomy	1.3598145131094523	0.3445127633936908	0.4984287413550598	-0.0038395709382890043	207	207	169	5	sequence_cluster_40_grouped_5fold	primary__coarse_taxonomy__seq40	5.875317096710205			all					2000	0.44704041620104823	0.5496334861572587	1.2639066962860475	1.4622715572414422
True	0.36665812914425566	coarse_taxonomy	1.1566906451494057	0.37657305205515396	0.5513766036241065	0.009146061271103567	207	207	169	5	sequence_cluster_50_grouped_5fold	primary__coarse_taxonomy__seq50	6.2131524085998535			all					2000	0.49711096079924466	0.6055165532364852	1.0923980894806828	1.2346213456714725
True	0.6446967756623695	endpoint_geometry	0.8928060120401947	0.6467980078392145	0.7759277127398571	0.46443961990402255	207	207	169	5	receptor_grouped_5fold	primary__endpoint_geometry__receptor	7.972722768783569			all					2000	0.726466591773165	0.8255234957669446	0.7897219110795264	1.0030531308831783
True	0.3255547018033145	endpoint_geometry	1.099686722795905	0.35652844757691365	0.5169710624116123	-0.01602498082790936	207	207	169	2	sequence_cluster_30_grouped_5fold	primary__endpoint_geometry__seq30	3.053788423538208			all					2000	0.45636134416390434	0.5784877366562935	1.028079134670291	1.169378436132901
True	0.5102805999032415	endpoint_geometry	1.0342729610947086	0.5211005536745801	0.6825931464075462	0.2510476784722889	207	207	169	5	sequence_cluster_40_grouped_5fold	primary__endpoint_geometry__seq40	7.816136598587036			all					2000	0.6265813244151281	0.7369334402062447	0.9440257808506958	1.1302632473499008
True	0.5720045154007418	endpoint_geometry	0.9491405536021118	0.5854727257198812	0.7311750193458689	0.3610435161266433	207	207	169	5	sequence_cluster_50_grouped_5fold	primary__endpoint_geometry__seq50	7.771148681640625			all					2000	0.6761160325776362	0.784390069647666	0.8416943962527422	1.0553377960673338
True	0.36501702761414195	fine_family	1.0968394773823764	0.3618256375264268	0.5193214453185454	0.1293131627815098	207	207	169	5	receptor_grouped_5fold	primary__fine_family__receptor	6.0592124462127686			all					2000	0.465927450916413	0.571935967128694	1.0961922436991305	1.0974533356694112
True	0.3333333333333333	fine_family	1.0976606402957132	0.32954343485818177	0.4893017600430511	0.0	207	207	169	2	sequence_cluster_30_grouped_5fold	primary__fine_family__seq30	1.7496590614318848			all					2000	0.46410322027038936	0.511322527825924	1.0965441631254222	1.0987647975410935
True	0.3333333333333333	fine_family	1.097481513842013	0.3266478274674652	0.4835049711280422	0.0	207	207	169	5	sequence_cluster_40_grouped_5fold	primary__fine_family__seq40	4.262974500656128			all					2000	0.43709972474269265	0.528424595632624	1.096942125615834	1.0979546663239472
True	0.3333333333333333	fine_family	1.096662739790418	0.3177796642283031	0.46517559133827796	0.0	207	207	169	5	sequence_cluster_50_grouped_5fold	primary__fine_family__seq50	5.949753999710083			all					2000	0.4136903284472532	0.5181376958994711	1.0946216999130236	1.098726958987421
True	0.6228075168141761	full_sequence	0.8311457326765319	0.6659598167283566	0.790133352433306	0.4246328488101181	207	207	169	5	receptor_grouped_5fold	primary__full_sequence__receptor	11.95527195930481			all					2000	0.7444503214916889	0.8322550589351738	0.7624324271086327	0.9025786178306819
True	0.3363499245852187	full_sequence	1.0798890488845316	0.3727113120887097	0.5391978346938785	0.01646731218585934	207	207	169	2	sequence_cluster_30_grouped_5fold	primary__full_sequence__seq30	4.684561014175415			all					2000	0.4802123963664173	0.600491712453969	1.0219522112206418	1.1346181407013476
True	0.36967709193014403	full_sequence	1.2228396159657953	0.4406441658002269	0.6121054800846072	0.0540182035976767	207	207	169	5	sequence_cluster_40_grouped_5fold	primary__full_sequence__seq40	10.865911960601807			all					2000	0.5595380113014163	0.6632196522790139	1.0812338850459415	1.3704540771136713
True	0.48950359050248066	full_sequence	1.0475112034251024	0.4559816674942863	0.6378503900092816	0.22614119219717688	207	207	169	5	sequence_cluster_50_grouped_5fold	primary__full_sequence__seq50	11.312974691390991			all					2000	0.5836985454991905	0.6895215384582124	0.9689812296186077	1.133611073435864
True	0.6257079028999118	interface_plus_taxonomy	0.8306105092544244	0.6873191643686236	0.8010420582670056	0.43298361183439327	207	207	169	5	receptor_grouped_5fold	primary__interface_plus_taxonomy__receptor	5.738548755645752			all					2000	0.755401002742345	0.8441050286346209	0.7298927295518218	0.9309731464787345
True	0.3264250547824355	interface_plus_taxonomy	1.0885523597468265	0.37193804835457595	0.5375646174131729	-0.015657034619683433	207	207	169	2	sequence_cluster_30_grouped_5fold	primary__interface_plus_taxonomy__seq30	3.8991198539733887			all					2000	0.48317726925472576	0.5951054900499665	1.0561708675142403	1.1281798440349728
True	0.4683684794672586	interface_plus_taxonomy	1.040442105112331	0.4631169643366288	0.6456335820313122	0.22201120714119948	207	207	169	5	sequence_cluster_40_grouped_5fold	primary__interface_plus_taxonomy__seq40	6.902082204818726			all					2000	0.5956005253276524	0.6962318985783726	0.9680427206022703	1.1150372347253015
True	0.5273651308612463	interface_plus_taxonomy	1.0293538204444788	0.5180833373132702	0.6728570370670547	0.286300358456471	207	207	169	5	sequence_cluster_50_grouped_5fold	primary__interface_plus_taxonomy__seq50	9.836153984069824			all					2000	0.6196873294701273	0.7262001875126525	0.9286840710548905	1.133106612144925
True	0.6128826470113928	interface_sequence	0.9642193115077707	0.6496031303036881	0.7792521748072927	0.4087202990135939	207	207	169	5	receptor_grouped_5fold	primary__interface_sequence__receptor	6.765402793884277			all					2000	0.7293452607322284	0.8270463534107261	0.8139187572242235	1.12668984126484
True	0.3264250547824355	interface_sequence	1.09636476904746	0.3809604108458335	0.5520285900839766	-0.01117437548889428	207	207	169	2	sequence_cluster_30_grouped_5fold	primary__interface_sequence__seq30	3.527103900909424			all					2000	0.5021540419873052	0.6062794050139504	1.0577600109642151	1.141655020110489
True	0.4653376590113549	interface_sequence	1.1871638472739852	0.4329397629253134	0.6099534843591626	0.21276776184527638	207	207	169	5	sequence_cluster_40_grouped_5fold	primary__interface_sequence__seq40	6.7361366748809814			all					2000	0.5604450622206023	0.664275528020623	1.0856434537326811	1.2966618867283308
True	0.4707661003443468	interface_sequence	1.2225946181091363	0.46735020878009137	0.6485941965033297	0.21339014667221753	207	207	169	5	sequence_cluster_50_grouped_5fold	primary__interface_sequence__seq50	8.579739809036255			all					2000	0.5905869688015113	0.7025159586429891	1.0624466343903856	1.4114402067594958
True	0.5898811387157669	noninterface_sequence	0.9157447697801985	0.5778708262612323	0.737386802900032	0.35906720003656634	207	207	169	5	receptor_grouped_5fold	primary__noninterface_sequence__receptor	9.679998636245728			all					2000	0.6907688884638028	0.7829055108352205	0.8427133149556642	0.9918090235523599
True	0.36475615887380597	noninterface_sequence	1.4172178733837757	0.38370006560107095	0.5561433000702988	0.07801907187745312	207	207	169	2	sequence_cluster_30_grouped_5fold	primary__noninterface_sequence__seq30	3.726217746734619			all					2000	0.5001323536452428	0.6132106501485112	1.2555100508719919	1.576525526118861
True	0.3834248745458513	noninterface_sequence	1.1340867468441955	0.3790406900904588	0.5581870099171664	0.05919671142071137	207	207	169	5	sequence_cluster_40_grouped_5fold	primary__noninterface_sequence__seq40	8.501675605773926			all					2000	0.5037762550325986	0.6087632339819729	1.0553816712322748	1.217902922305036
True	0.38193080812392693	noninterface_sequence	1.1803845079547255	0.3699428650276492	0.5548622688028725	0.05043814122450046	207	207	169	5	sequence_cluster_50_grouped_5fold	primary__noninterface_sequence__seq50	5.231497526168823			all					2000	0.5067285275066872	0.6034239368824076	1.0968089800007912	1.2677112078854036
True	0.6386588500905926	sequence_plus_geometry	0.7938670425481588	0.6878371965942899	0.8156277097077642	0.46337100212078736	207	207	169	5	receptor_grouped_5fold	primary__sequence_plus_geometry__receptor	13.50365662574768			all					2000	0.7703629615107683	0.8586083280842163	0.7084643577754393	0.8797581369631208
True	0.3251823709648349	sequence_plus_geometry	1.6221562190213605	0.33857807764614356	0.5089211766702727	-0.020493605081152208	207	207	169	2	sequence_cluster_30_grouped_5fold	primary__sequence_plus_geometry__seq30	6.364299058914185			all					2000	0.4515218085187502	0.5695027610973707	1.4092244315880944	1.8428220030167657
True	0.4890150544978514	sequence_plus_geometry	0.9981961034820815	0.5152436986504577	0.6831660876288709	0.22791443754235377	207	207	169	5	sequence_cluster_40_grouped_5fold	primary__sequence_plus_geometry__seq40	11.976306676864624			all					2000	0.6228324606509174	0.7372910265760695	0.9136187436511654	1.0879898469395515
True	0.5535136647789256	sequence_plus_geometry	0.9182641028459154	0.5862577733244675	0.7352712269292413	0.3445119922012242	207	207	169	5	sequence_cluster_50_grouped_5fold	primary__sequence_plus_geometry__seq50	10.444178342819214			all					2000	0.6846548132827663	0.7852158819467089	0.8251274734898157	1.009087320647138
True	0.6803403403403404	endpoint_geometry_single_transducer	0.7442014845838709	0.7126770447335158	0.8310719814034933	0.5287318827474023	135	135	135	5	single_transducer_receptor_grouped_5fold	single__endpoint_geometry	6.592878580093384			single_transducer_receptors					2000	0.7681799877708589	0.89178201712963	0.6036242425096556	0.9015664904594415
True	0.7793993993993995	full_sequence_single_transducer	0.6262651071741872	0.7900220493797775	0.8786640732469512	0.6869905421811249	135	135	135	5	single_transducer_receptor_grouped_5fold	single__full_sequence	8.021179914474487			single_transducer_receptors					2000	0.8156109175167955	0.9305928332510796	0.4947250371305918	0.7831395165057703
True	0.7302102102102103	interface_sequence_single_transducer	0.5938913120967404	0.8299843651025928	0.9026514691542015	0.6073620246880902	135	135	135	5	single_transducer_receptor_grouped_5fold	single__interface_sequence	6.0644636154174805			single_transducer_receptors					2000	0.8512495918807532	0.9467003266446785	0.43332118309806184	0.771570694917741
