pdb_id	chain_id	receptor_name	transducer_family	publication_reference	label_target	label_provenance_category	homology_propagation_risk	provenance_note
8PJK	R	5ht1a_human	Gi/o		bound_transducer_family	direct_structural_complex_assignment	False	The class label is the transducer family physically present in the deposited complex.
7E32	R	5ht1d_human	Gi/o	https://dx.doi.org/10.1038/S41586-021-03376-8	bound_transducer_family	direct_structural_complex_assignment	False	The class label is the transducer family physically present in the deposited complex.
8UGY	R	5ht1e_human	Gi/o	https://dx.doi.org/10.1126/SCIADV.ADK4855	bound_transducer_family	direct_structural_complex_assignment	False	The class label is the transducer family physically present in the deposited complex.
7EXD	R	5ht1f_human	Gi/o	https://dx.doi.org/10.1038/S41422-021-00527-4	bound_transducer_family	direct_structural_complex_assignment	False	The class label is the transducer family physically present in the deposited complex.
8UWL	A	5ht2a_human	Gq/11	https://dx.doi.org/10.1126/SCIENCE.ADN6354	bound_transducer_family	direct_structural_complex_assignment	False	The class label is the transducer family physically present in the deposited complex.
7SRR	R	5ht2b_human	Gq/11	https://dx.doi.org/10.1016/J.NEURON.2022.08.006	bound_transducer_family	direct_structural_complex_assignment	False	The class label is the transducer family physically present in the deposited complex.
8DPF	A	5ht2c_human	Gq/11	https://dx.doi.org/10.1016/J.CELREP.2022.111211	bound_transducer_family	direct_structural_complex_assignment	False	The class label is the transducer family physically present in the deposited complex.
7XTA	R	5ht4r_human	Gi/o	https://dx.doi.org/10.1016/J.MOLCEL.2022.05.031	bound_transducer_family	direct_structural_complex_assignment	False	The class label is the transducer family physically present in the deposited complex.
7XT8	R	5ht4r_human	Gs	https://dx.doi.org/10.1016/J.MOLCEL.2022.05.031	bound_transducer_family	direct_structural_complex_assignment	False	The class label is the transducer family physically present in the deposited complex.
7X5H	R	5ht5a_human	Gi/o	https://dx.doi.org/10.1038/S41421-022-00412-3	bound_transducer_family	direct_structural_complex_assignment	False	The class label is the transducer family physically present in the deposited complex.
7XTB	R	5ht6r_human	Gs	https://dx.doi.org/10.1016/J.MOLCEL.2022.05.031	bound_transducer_family	direct_structural_complex_assignment	False	The class label is the transducer family physically present in the deposited complex.
7XTC	R	5ht7r_human	Gs	https://dx.doi.org/10.1016/J.MOLCEL.2022.05.031	bound_transducer_family	direct_structural_complex_assignment	False	The class label is the transducer family physically present in the deposited complex.
7LD3	R	aa1r_human	Gi/o	https://dx.doi.org/10.1038/S41586-021-03897-2	bound_transducer_family	direct_structural_complex_assignment	False	The class label is the transducer family physically present in the deposited complex.
5G53	B	aa2ar_human	Gs	https://dx.doi.org/10.1038/NATURE18966	bound_transducer_family	direct_structural_complex_assignment	False	The class label is the transducer family physically present in the deposited complex.
8HDO	R	aa2br_human	Gs	https://dx.doi.org/10.1038/S41421-022-00503-1	bound_transducer_family	direct_structural_complex_assignment	False	The class label is the transducer family physically present in the deposited complex.
8X17	R	aa3r_human	Gi/o	https://dx.doi.org/10.1038/S41467-024-47207-6	bound_transducer_family	direct_structural_complex_assignment	False	The class label is the transducer family physically present in the deposited complex.
6OIJ	R	acm1_human	Gq/11	https://dx.doi.org/10.1126/SCIENCE.AAW5188	bound_transducer_family	direct_structural_complex_assignment	False	The class label is the transducer family physically present in the deposited complex.
8E9W	A	acm3_human	Gq/11	https://dx.doi.org/10.1038/S41586-022-05489-0	bound_transducer_family	direct_structural_complex_assignment	False	The class label is the transducer family physically present in the deposited complex.
7TRP	R	acm4_human	Gi/o		bound_transducer_family	direct_structural_complex_assignment	False	The class label is the transducer family physically present in the deposited complex.
8GY7	R	acthr_human	Gs	https://dx.doi.org/10.1038/S41422-022-00751-6	bound_transducer_family	direct_structural_complex_assignment	False	The class label is the transducer family physically present in the deposited complex.
7YM8	A	ada1a_human	Gq/11	https://dx.doi.org/10.1038/S41467-023-39310-X	bound_transducer_family	direct_structural_complex_assignment	False	The class label is the transducer family physically present in the deposited complex.
9CBL	R	ada2a_human	Gi/o	https://dx.doi.org/10.1038/S12276-024-01296-X	bound_transducer_family	direct_structural_complex_assignment	False	The class label is the transducer family physically present in the deposited complex.
6K42	R	ada2b_human	Gi/o		bound_transducer_family	direct_structural_complex_assignment	False	The class label is the transducer family physically present in the deposited complex.
7S0F	R	adrb1_melga	Gi/o	https://dx.doi.org/10.1038/S41594-021-00679-2	bound_transducer_family	direct_structural_complex_assignment	False	The class label is the transducer family physically present in the deposited complex.
7JJO	R	adrb1_melga	Gs	https://dx.doi.org/10.1016/J.MOLCEL.2020.08.001	bound_transducer_family	direct_structural_complex_assignment	False	The class label is the transducer family physically present in the deposited complex.
8GG0	R	adrb2_human	Gs	https://dx.doi.org/10.1038/S41586-024-07153-1	bound_transducer_family	direct_structural_complex_assignment	False	The class label is the transducer family physically present in the deposited complex.
7DH5	R	adrb3_canlf	Gs	https://dx.doi.org/10.1016/J.MOLCEL.2021.06.024	bound_transducer_family	direct_structural_complex_assignment	False	The class label is the transducer family physically present in the deposited complex.
9IJE	R	adrb3_human	Gs	https://dx.doi.org/10.1002/CPLU.202400288	bound_transducer_family	direct_structural_complex_assignment	False	The class label is the transducer family physically present in the deposited complex.
7F6G	A	agtr1_human	Gq/11		bound_transducer_family	direct_structural_complex_assignment	False	The class label is the transducer family physically present in the deposited complex.
8XZH	R	apj_human	Gi/o	https://dx.doi.org/10.1016/J.CELL.2024.02.004	bound_transducer_family	direct_structural_complex_assignment	False	The class label is the transducer family physically present in the deposited complex.
9EPP	R	b1b1u5_9arac	Gi/o		bound_transducer_family	direct_structural_complex_assignment	False	The class label is the transducer family physically present in the deposited complex.
7EIB	A	bkrb1_human	Gq/11	https://dx.doi.org/10.1038/S41594-021-00645-Y	bound_transducer_family	direct_structural_complex_assignment	False	The class label is the transducer family physically present in the deposited complex.
7F6I	A	bkrb2_human	Gq/11	https://dx.doi.org/10.1038/S41467-022-28399-1	bound_transducer_family	direct_structural_complex_assignment	False	The class label is the transducer family physically present in the deposited complex.
8Y52	R	brs3_human	Gq/11	https://dx.doi.org/10.1016/J.CELREP.2024.114511	bound_transducer_family	direct_structural_complex_assignment	False	The class label is the transducer family physically present in the deposited complex.
8IA8	A	c3ar_human	Gi/o		bound_transducer_family	direct_structural_complex_assignment	False	The class label is the transducer family physically present in the deposited complex.
8I9A	C	c3ar_human	Gq/11	https://dx.doi.org/10.1016/J.CELL.2023.09.020	bound_transducer_family	direct_structural_complex_assignment	False	The class label is the transducer family physically present in the deposited complex.
7Y67	D	c5ar1_human	Gi/o	https://dx.doi.org/10.1038/S41422-023-00779-2	bound_transducer_family	direct_structural_complex_assignment	False	The class label is the transducer family physically present in the deposited complex.
7EZH	D	cckar_human	Gi/o	https://dx.doi.org/10.1038/S41589-021-00841-3	bound_transducer_family	direct_structural_complex_assignment	False	The class label is the transducer family physically present in the deposited complex.
7EZM	D	cckar_human	Gq/11	https://dx.doi.org/10.1038/S41589-021-00841-3	bound_transducer_family	direct_structural_complex_assignment	False	The class label is the transducer family physically present in the deposited complex.
7MBX	R	cckar_human	Gs	https://dx.doi.org/10.1371/JOURNAL.PBIO.3001295	bound_transducer_family	direct_structural_complex_assignment	False	The class label is the transducer family physically present in the deposited complex.
7VL9	R	ccr1_human	Gi/o	https://dx.doi.org/10.1038/S41589-021-00918-Z	bound_transducer_family	direct_structural_complex_assignment	False	The class label is the transducer family physically present in the deposited complex.
7XA3	R	ccr2_human	Gi/o	https://dx.doi.org/10.1038/S41421-022-00403-4	bound_transducer_family	direct_structural_complex_assignment	False	The class label is the transducer family physically present in the deposited complex.
7X9Y	R	ccr3_human	Gi/o	https://dx.doi.org/10.1038/S41421-022-00403-4	bound_transducer_family	direct_structural_complex_assignment	False	The class label is the transducer family physically present in the deposited complex.
7F1S	R	ccr5_human	Gi/o	https://dx.doi.org/10.1038/S41467-021-24438-5	bound_transducer_family	direct_structural_complex_assignment	False	The class label is the transducer family physically present in the deposited complex.
8KFX	R	ccr8_human	Gi/o	https://dx.doi.org/10.1126/SCIADV.ADJ7500	bound_transducer_family	direct_structural_complex_assignment	False	The class label is the transducer family physically present in the deposited complex.
7YKD	A	cml1_human	Gi/o	https://dx.doi.org/10.1073/PNAS.2214324120	bound_transducer_family	direct_structural_complex_assignment	False	The class label is the transducer family physically present in the deposited complex.
8JJP	A	cml2_human	Gi/o		bound_transducer_family	direct_structural_complex_assignment	False	The class label is the transducer family physically present in the deposited complex.
8GHV	D	cnr1_human	Gi/o	https://dx.doi.org/10.1038/S41467-023-37864-4	bound_transducer_family	direct_structural_complex_assignment	False	The class label is the transducer family physically present in the deposited complex.
8K8J	R	cnr1_human	Gs	https://dx.doi.org/10.1002/ADVS.202306311	bound_transducer_family	direct_structural_complex_assignment	False	The class label is the transducer family physically present in the deposited complex.
8GUR	R	cnr2_human	Gi/o	https://dx.doi.org/10.1038/S41467-023-37112-9	bound_transducer_family	direct_structural_complex_assignment	False	The class label is the transducer family physically present in the deposited complex.
7XBW	R	cx3c1_human	Gi/o	https://dx.doi.org/10.1126/SCIADV.ABN8048	bound_transducer_family	direct_structural_complex_assignment	False	The class label is the transducer family physically present in the deposited complex.
8IC0	A	cxcr1_human	Gi/o	https://dx.doi.org/10.1038/S41467-023-39799-2	bound_transducer_family	direct_structural_complex_assignment	False	The class label is the transducer family physically present in the deposited complex.
6LFO	R	cxcr2_human	Gi/o	https://dx.doi.org/10.1038/S41586-020-2492-5	bound_transducer_family	direct_structural_complex_assignment	False	The class label is the transducer family physically present in the deposited complex.
8HNM	R	cxcr3_human	Gi/o	https://dx.doi.org/10.1038/S41594-023-01175-5	bound_transducer_family	direct_structural_complex_assignment	False	The class label is the transducer family physically present in the deposited complex.
8U4N	R	cxcr4_human	Gi/o	https://dx.doi.org/10.1038/S41594-024-01397-1	bound_transducer_family	direct_structural_complex_assignment	False	The class label is the transducer family physically present in the deposited complex.
7JVP	R	drd1_human	Gs	https://dx.doi.org/10.1016/J.CELL.2021.01.027	bound_transducer_family	direct_structural_complex_assignment	False	The class label is the transducer family physically present in the deposited complex.
7JVR	R	drd2_human	Gi/o	https://dx.doi.org/10.1016/J.CELL.2021.01.027	bound_transducer_family	direct_structural_complex_assignment	False	The class label is the transducer family physically present in the deposited complex.
7CMV	R	drd3_human	Gi/o	https://dx.doi.org/10.1016/J.MOLCEL.2021.01.003	bound_transducer_family	direct_structural_complex_assignment	False	The class label is the transducer family physically present in the deposited complex.
8IRU	R	drd4_human	Gi/o	https://dx.doi.org/10.1038/S41422-023-00808-0	bound_transducer_family	direct_structural_complex_assignment	False	The class label is the transducer family physically present in the deposited complex.
8IRV	R	drd5_human	Gs	https://dx.doi.org/10.1038/S41422-023-00808-0	bound_transducer_family	direct_structural_complex_assignment	False	The class label is the transducer family physically present in the deposited complex.
8ZFJ	R	e7fel0_danre	Gs		bound_transducer_family	direct_structural_complex_assignment	False	The class label is the transducer family physically present in the deposited complex.
8HCQ	R	ednra_human	Gq/11		bound_transducer_family	direct_structural_complex_assignment	False	The class label is the transducer family physically present in the deposited complex.
8XVI	R	ednra_human	Gs	https://dx.doi.org/10.1038/S41421-024-00705-9	bound_transducer_family	direct_structural_complex_assignment	False	The class label is the transducer family physically present in the deposited complex.
8IY5	R	ednrb_human	Gi/o	https://dx.doi.org/10.7554/ELIFE.85821	bound_transducer_family	direct_structural_complex_assignment	False	The class label is the transducer family physically present in the deposited complex.
8HCX	C	ednrb_human	Gq/11		bound_transducer_family	direct_structural_complex_assignment	False	The class label is the transducer family physically present in the deposited complex.
8XVE	R	ednrb_human	Gs	https://dx.doi.org/10.1038/S41421-024-00705-9	bound_transducer_family	direct_structural_complex_assignment	False	The class label is the transducer family physically present in the deposited complex.
9K1C	R	ffar1_human	Gi/o	https://dx.doi.org/10.1016/J.CELREP.2024.115024	bound_transducer_family	direct_structural_complex_assignment	False	The class label is the transducer family physically present in the deposited complex.
8EJK	R	ffar1_human	Gq/11	https://dx.doi.org/10.1073/PNAS.2219569120	bound_transducer_family	direct_structural_complex_assignment	False	The class label is the transducer family physically present in the deposited complex.
8J22	C	ffar2_human	Gi/o	https://dx.doi.org/10.1038/S41422-023-00914-Z	bound_transducer_family	direct_structural_complex_assignment	False	The class label is the transducer family physically present in the deposited complex.
8T3S	R	ffar2_human	Gq/11	https://dx.doi.org/10.1126/SCIADV.ADJ2384	bound_transducer_family	direct_structural_complex_assignment	False	The class label is the transducer family physically present in the deposited complex.
8J20	D	ffar3_human	Gi/o	https://dx.doi.org/10.1038/S41422-023-00914-Z	bound_transducer_family	direct_structural_complex_assignment	False	The class label is the transducer family physically present in the deposited complex.
8ID6	R	ffar4_human	Gi/o	https://dx.doi.org/10.1126/SCIENCE.ADD6220	bound_transducer_family	direct_structural_complex_assignment	False	The class label is the transducer family physically present in the deposited complex.
8T3O	R	ffar4_human	Gq/11	https://dx.doi.org/10.1126/SCIADV.ADJ2384	bound_transducer_family	direct_structural_complex_assignment	False	The class label is the transducer family physically present in the deposited complex.
8H4I	R	ffar4_human	Gs	https://dx.doi.org/10.1038/S41422-023-00835-X	bound_transducer_family	direct_structural_complex_assignment	False	The class label is the transducer family physically present in the deposited complex.
7VFX	R	fpr1_human	Gi/o	https://dx.doi.org/10.1038/S41467-022-32822-Y	bound_transducer_family	direct_structural_complex_assignment	False	The class label is the transducer family physically present in the deposited complex.
7T6U	R	fpr2_human	Gi/o	https://dx.doi.org/10.1038/S41467-022-28586-0	bound_transducer_family	direct_structural_complex_assignment	False	The class label is the transducer family physically present in the deposited complex.
8I2G	R	fshr_human	Gs	https://dx.doi.org/10.1038/S41467-023-36170-3	bound_transducer_family	direct_structural_complex_assignment	False	The class label is the transducer family physically present in the deposited complex.
7WQ3	R	galr1_human	Gi/o	https://dx.doi.org/10.1038/S41467-022-29072-3	bound_transducer_family	direct_structural_complex_assignment	False	The class label is the transducer family physically present in the deposited complex.
7WQ4	R	galr2_human	Gq/11	https://dx.doi.org/10.1038/S41467-022-29072-3	bound_transducer_family	direct_structural_complex_assignment	False	The class label is the transducer family physically present in the deposited complex.
7F8V	R	gasr_human	Gi/o	https://dx.doi.org/10.1038/S41589-021-00866-8	bound_transducer_family	direct_structural_complex_assignment	False	The class label is the transducer family physically present in the deposited complex.
7F8W	R	gasr_human	Gq/11	https://dx.doi.org/10.1038/S41589-021-00866-8	bound_transducer_family	direct_structural_complex_assignment	False	The class label is the transducer family physically present in the deposited complex.
7NA7	R	ghsr_human	Gi/o	https://dx.doi.org/10.1038/S41467-021-26735-5	bound_transducer_family	direct_structural_complex_assignment	False	The class label is the transducer family physically present in the deposited complex.
7F9Z	R	ghsr_human	Gq/11	https://dx.doi.org/10.1038/S41467-021-25364-2	bound_transducer_family	direct_structural_complex_assignment	False	The class label is the transducer family physically present in the deposited complex.
8W8Q	C	gp101_human	Gs	https://dx.doi.org/10.1038/S41589-023-01456-6	bound_transducer_family	direct_structural_complex_assignment	False	The class label is the transducer family physically present in the deposited complex.
7WCM	R	gp119_human	Gs	https://dx.doi.org/10.1038/S41467-022-34696-6	bound_transducer_family	direct_structural_complex_assignment	False	The class label is the transducer family physically present in the deposited complex.
8HQM	R	gp132_human	Gi/o	https://dx.doi.org/10.1038/S42255-023-00899-4	bound_transducer_family	direct_structural_complex_assignment	False	The class label is the transducer family physically present in the deposited complex.
7VUG	R	gp139_human	Gi/o	https://dx.doi.org/10.1038/S41422-021-00591-W	bound_transducer_family	direct_structural_complex_assignment	False	The class label is the transducer family physically present in the deposited complex.
7VUH	R	gp139_human	Gs		bound_transducer_family	direct_structural_complex_assignment	False	The class label is the transducer family physically present in the deposited complex.
8SMV	R	gp161_human	Gs	https://dx.doi.org/10.1101/2023.05.23.540554	bound_transducer_family	direct_structural_complex_assignment	False	The class label is the transducer family physically present in the deposited complex.
7XV3	R	gp174_human	Gs	https://dx.doi.org/10.1038/S41467-023-36575-0	bound_transducer_family	direct_structural_complex_assignment	False	The class label is the transducer family physically present in the deposited complex.
7TUZ	R	gp183_human	Gi/o	https://dx.doi.org/10.1016/J.STR.2022.04.006	bound_transducer_family	direct_structural_complex_assignment	False	The class label is the transducer family physically present in the deposited complex.
7CFM	R	gpbar_human	Gs	https://dx.doi.org/10.1038/S41586-020-2569-1	bound_transducer_family	direct_structural_complex_assignment	False	The class label is the transducer family physically present in the deposited complex.
8XOF	R	gper1_human	Gq/11		bound_transducer_family	direct_structural_complex_assignment	False	The class label is the transducer family physically present in the deposited complex.
7Y3G	R	gpr12_human	Gs	https://dx.doi.org/10.1016/J.SCIB.2022.12.023	bound_transducer_family	direct_structural_complex_assignment	False	The class label is the transducer family physically present in the deposited complex.
8ZQE	R	gpr15_human	Gi/o	https://dx.doi.org/10.1038/S41421-024-00698-5	bound_transducer_family	direct_structural_complex_assignment	False	The class label is the transducer family physically present in the deposited complex.
7Y89	A	gpr17_human	Gi/o	https://dx.doi.org/10.1002/MCO2.159	bound_transducer_family	direct_structural_complex_assignment	False	The class label is the transducer family physically present in the deposited complex.
8HS3	R	gpr20_human	Gi/o	https://dx.doi.org/10.1038/S41421-023-00520-8	bound_transducer_family	direct_structural_complex_assignment	False	The class label is the transducer family physically present in the deposited complex.
8HMV	A	gpr21_human	Gs	https://dx.doi.org/10.1002/MCO2.205	bound_transducer_family	direct_structural_complex_assignment	False	The class label is the transducer family physically present in the deposited complex.
8XBH	R	gpr34_human	Gi/o		bound_transducer_family	direct_structural_complex_assignment	False	The class label is the transducer family physically present in the deposited complex.
8WW2	R	gpr3_human	Gs	https://dx.doi.org/10.1038/S41422-024-00932-5	bound_transducer_family	direct_structural_complex_assignment	False	The class label is the transducer family physically present in the deposited complex.
8HMP	R	gpr52_human	Gs	https://dx.doi.org/10.1002/MCO2.260	bound_transducer_family	direct_structural_complex_assignment	False	The class label is the transducer family physically present in the deposited complex.
8KGK	A	gpr61_human	Gs	https://dx.doi.org/10.1038/S41467-023-41654-3	bound_transducer_family	direct_structural_complex_assignment	False	The class label is the transducer family physically present in the deposited complex.
8TYW	A	gpr6_human	Gs	https://dx.doi.org/10.1126/SCISIGNAL.ADO8741	bound_transducer_family	direct_structural_complex_assignment	False	The class label is the transducer family physically present in the deposited complex.
8G05	R	gpr84_human	Gi/o	https://dx.doi.org/10.1038/S41467-023-41201-0	bound_transducer_family	direct_structural_complex_assignment	False	The class label is the transducer family physically present in the deposited complex.
7EJX	R	gpr88_human	Gi/o	https://dx.doi.org/10.1038/S41467-022-30081-5	bound_transducer_family	direct_structural_complex_assignment	False	The class label is the transducer family physically present in the deposited complex.
7W3Z	A	grpr_human	Gq/11		bound_transducer_family	direct_structural_complex_assignment	False	The class label is the transducer family physically present in the deposited complex.
8J6J	R	hcar2_human	Gi/o	https://dx.doi.org/10.1016/J.CELREP.2023.113406	bound_transducer_family	direct_structural_complex_assignment	False	The class label is the transducer family physically present in the deposited complex.
8JEI	A	hcar3_human	Gi/o	https://dx.doi.org/10.1016/J.CELREP.2024.114895	bound_transducer_family	direct_structural_complex_assignment	False	The class label is the transducer family physically present in the deposited complex.
8YN2	R	hrh1_human	Gq/11	https://dx.doi.org/10.1038/S41467-024-52585-Y	bound_transducer_family	direct_structural_complex_assignment	False	The class label is the transducer family physically present in the deposited complex.
8YN4	R	hrh2_human	Gq/11	https://dx.doi.org/10.1038/S41467-024-52585-Y	bound_transducer_family	direct_structural_complex_assignment	False	The class label is the transducer family physically present in the deposited complex.
8YN3	R	hrh2_human	Gs	https://dx.doi.org/10.1038/S41467-024-52585-Y	bound_transducer_family	direct_structural_complex_assignment	False	The class label is the transducer family physically present in the deposited complex.
8YN5	R	hrh3_human	Gi/o	https://dx.doi.org/10.1038/S41467-024-52585-Y	bound_transducer_family	direct_structural_complex_assignment	False	The class label is the transducer family physically present in the deposited complex.
8JXW	R	hrh4_human	Gi/o	https://dx.doi.org/10.1038/S41467-024-46840-5	bound_transducer_family	direct_structural_complex_assignment	False	The class label is the transducer family physically present in the deposited complex.
7YFC	R	hrh4_human	Gq/11	https://dx.doi.org/10.1038/S41467-023-42260-Z	bound_transducer_family	direct_structural_complex_assignment	False	The class label is the transducer family physically present in the deposited complex.
8XGU	A	kissr_human	Gi/o	https://dx.doi.org/10.1126/SCIADV.ADN7771	bound_transducer_family	direct_structural_complex_assignment	False	The class label is the transducer family physically present in the deposited complex.
8XGO	A	kissr_human	Gq/11	https://dx.doi.org/10.1126/SCIADV.ADN7771	bound_transducer_family	direct_structural_complex_assignment	False	The class label is the transducer family physically present in the deposited complex.
7TD0	R	lpar1_human	Gi/o	https://dx.doi.org/10.1038/S41467-022-28417-2	bound_transducer_family	direct_structural_complex_assignment	False	The class label is the transducer family physically present in the deposited complex.
9IZG	R	lpar1_human	Gq/11		bound_transducer_family	direct_structural_complex_assignment	False	The class label is the transducer family physically present in the deposited complex.
7FIH	R	lshr_human	Gs	https://dx.doi.org/10.1038/S41586-021-03924-2	bound_transducer_family	direct_structural_complex_assignment	False	The class label is the transducer family physically present in the deposited complex.
7VKT	A	lt4r1_human	Gi/o	https://dx.doi.org/10.1038/S41467-022-28820-9	bound_transducer_family	direct_structural_complex_assignment	False	The class label is the transducer family physically present in the deposited complex.
8IOC	R	mc3r_human	Gs	https://dx.doi.org/10.1107/S0907444909042073	bound_transducer_family	direct_structural_complex_assignment	False	The class label is the transducer family physically present in the deposited complex.
7PIU	R	mc4r_human	Gs	https://dx.doi.org/10.1038/S41422-021-00569-8	bound_transducer_family	direct_structural_complex_assignment	False	The class label is the transducer family physically present in the deposited complex.
8IOD	R	mc5r_human	Gs	https://dx.doi.org/10.1107/S0907444909042073	bound_transducer_family	direct_structural_complex_assignment	False	The class label is the transducer family physically present in the deposited complex.
8WWK	R	mchr1_human	Gi/o	https://dx.doi.org/10.1038/S41421-024-00754-0	bound_transducer_family	direct_structural_complex_assignment	False	The class label is the transducer family physically present in the deposited complex.
8WST	R	mchr2_human	Gq/11	https://dx.doi.org/10.1038/S41421-024-00679-8	bound_transducer_family	direct_structural_complex_assignment	False	The class label is the transducer family physically present in the deposited complex.
7Y15	R	mrgrd_human	Gi/o	https://dx.doi.org/10.1038/S42003-022-03668-3	bound_transducer_family	direct_structural_complex_assignment	False	The class label is the transducer family physically present in the deposited complex.
9DQJ	A	mrgrd_human	Gq/11		bound_transducer_family	direct_structural_complex_assignment	False	The class label is the transducer family physically present in the deposited complex.
8JGB	R	mrgx1_human	Gi/o	https://dx.doi.org/10.1038/S41467-023-40705-Z	bound_transducer_family	direct_structural_complex_assignment	False	The class label is the transducer family physically present in the deposited complex.
8JGF	R	mrgx1_human	Gq/11	https://dx.doi.org/10.1038/S41467-023-40705-Z	bound_transducer_family	direct_structural_complex_assignment	False	The class label is the transducer family physically present in the deposited complex.
7VV5	R	mrgx2_human	Gi/o	https://dx.doi.org/10.1038/S41586-021-04077-Y	bound_transducer_family	direct_structural_complex_assignment	False	The class label is the transducer family physically present in the deposited complex.
7S8L	R	mrgx2_human	Gq/11	https://dx.doi.org/10.1038/S41586-021-04126-6	bound_transducer_family	direct_structural_complex_assignment	False	The class label is the transducer family physically present in the deposited complex.
7S8P	R	mrgx4_human	Gq/11	https://dx.doi.org/10.1038/S41586-021-04126-6	bound_transducer_family	direct_structural_complex_assignment	False	The class label is the transducer family physically present in the deposited complex.
7F4H	R	mshr_human	Gs	https://dx.doi.org/10.1038/S41422-021-00557-Y	bound_transducer_family	direct_structural_complex_assignment	False	The class label is the transducer family physically present in the deposited complex.
8IBV	R	mtlr_human	Gq/11	https://dx.doi.org/10.1126/SCIADV.ADE9020	bound_transducer_family	direct_structural_complex_assignment	False	The class label is the transducer family physically present in the deposited complex.
7DB6	D	mtr1a_human	Gi/o	https://dx.doi.org/10.1038/S41594-021-00634-1	bound_transducer_family	direct_structural_complex_assignment	False	The class label is the transducer family physically present in the deposited complex.
7VH0	A	mtr1b_human	Gi/o	https://dx.doi.org/10.1038/S41467-022-28111-3	bound_transducer_family	direct_structural_complex_assignment	False	The class label is the transducer family physically present in the deposited complex.
7P00	R	nk1r_human	Gq/11	https://dx.doi.org/10.1126/SCIADV.ABK2872	bound_transducer_family	direct_structural_complex_assignment	False	The class label is the transducer family physically present in the deposited complex.
8U26	R	nk1r_human	Gs	https://dx.doi.org/10.1038/S41592-023-02082-9	bound_transducer_family	direct_structural_complex_assignment	False	The class label is the transducer family physically present in the deposited complex.
7XWO	B	nk2r_human	Gq/11		bound_transducer_family	direct_structural_complex_assignment	False	The class label is the transducer family physically present in the deposited complex.
8JBG	B	nk3r_human	Gq/11		bound_transducer_family	direct_structural_complex_assignment	False	The class label is the transducer family physically present in the deposited complex.
8H0P	R	nmbr_human	Gq/11	https://dx.doi.org/10.1038/S41422-022-00743-6	bound_transducer_family	direct_structural_complex_assignment	False	The class label is the transducer family physically present in the deposited complex.
7W56	R	nmur1_human	Gq/11	https://dx.doi.org/10.1038/S41467-022-29683-W	bound_transducer_family	direct_structural_complex_assignment	False	The class label is the transducer family physically present in the deposited complex.
7XK8	R	nmur2_human	Gi/o	https://dx.doi.org/10.1038/S41467-022-34814-4	bound_transducer_family	direct_structural_complex_assignment	False	The class label is the transducer family physically present in the deposited complex.
7W55	R	nmur2_human	Gq/11	https://dx.doi.org/10.1038/S41467-022-29683-W	bound_transducer_family	direct_structural_complex_assignment	False	The class label is the transducer family physically present in the deposited complex.
7X9A	R	npy1r_human	Gi/o	https://dx.doi.org/10.1126/SCIADV.ABM1232	bound_transducer_family	direct_structural_complex_assignment	False	The class label is the transducer family physically present in the deposited complex.
7YON	R	npy2r_human	Gi/o	https://dx.doi.org/10.1016/J.STR.2022.11.010	bound_transducer_family	direct_structural_complex_assignment	False	The class label is the transducer family physically present in the deposited complex.
7X9C	R	npy4r_human	Gi/o	https://dx.doi.org/10.1126/SCIADV.ABM1232	bound_transducer_family	direct_structural_complex_assignment	False	The class label is the transducer family physically present in the deposited complex.
6OS9	R	ntr1_human	Gi/o	https://dx.doi.org/10.1038/S41586-019-1337-6	bound_transducer_family	direct_structural_complex_assignment	False	The class label is the transducer family physically present in the deposited complex.
8JPB	R	ntr1_human	Gq/11	https://dx.doi.org/10.1038/S41586-023-06395-9	bound_transducer_family	direct_structural_complex_assignment	False	The class label is the transducer family physically present in the deposited complex.
7L0P	C	ntr1_rat	Gi/o	https://dx.doi.org/10.1038/S41594-020-00554-6	bound_transducer_family	direct_structural_complex_assignment	False	The class label is the transducer family physically present in the deposited complex.
8FMZ	A	ntr1_rat	Gq/11	https://dx.doi.org/10.1021/ACS.BIOCHEM.3C00029	bound_transducer_family	direct_structural_complex_assignment	False	The class label is the transducer family physically present in the deposited complex.
8F7S	R	oprd_human	Gi/o	https://dx.doi.org/10.1016/J.CELL.2022.12.026	bound_transducer_family	direct_structural_complex_assignment	False	The class label is the transducer family physically present in the deposited complex.
8F7W	R	oprk_human	Gi/o	https://dx.doi.org/10.1016/J.CELL.2022.12.026	bound_transducer_family	direct_structural_complex_assignment	False	The class label is the transducer family physically present in the deposited complex.
8EFO	R	oprm_human	Gi/o	https://dx.doi.org/10.1016/J.CELL.2022.09.041	bound_transducer_family	direct_structural_complex_assignment	False	The class label is the transducer family physically present in the deposited complex.
7SCG	D	oprm_mouse	Gi/o	https://dx.doi.org/10.1002/ANIE.202200269	bound_transducer_family	direct_structural_complex_assignment	False	The class label is the transducer family physically present in the deposited complex.
8F7X	R	oprx_human	Gi/o	https://dx.doi.org/10.1016/J.CELL.2022.12.026	bound_transducer_family	direct_structural_complex_assignment	False	The class label is the transducer family physically present in the deposited complex.
4X1H	A	opsd_bovin	Gi/o	https://dx.doi.org/10.1016/J.STR.2015.09.015	bound_transducer_family	direct_structural_complex_assignment	False	The class label is the transducer family physically present in the deposited complex.
6CMO	R	opsd_human	Gi/o	https://dx.doi.org/10.1038/S41586-018-0215-Y	bound_transducer_family	direct_structural_complex_assignment	False	The class label is the transducer family physically present in the deposited complex.
8IU2	R	opsr_human	Gi/o		bound_transducer_family	direct_structural_complex_assignment	False	The class label is the transducer family physically present in the deposited complex.
7SQO	R	ox2r_human	Gi/o	https://dx.doi.org/10.1038/S41467-022-30601-3	bound_transducer_family	direct_structural_complex_assignment	False	The class label is the transducer family physically present in the deposited complex.
7SR8	R	ox2r_human	Gq/11	https://dx.doi.org/10.1038/S41467-022-30601-3	bound_transducer_family	direct_structural_complex_assignment	False	The class label is the transducer family physically present in the deposited complex.
7L1V	R	ox2r_human	Gs	https://dx.doi.org/10.1038/S41467-021-21087-6	bound_transducer_family	direct_structural_complex_assignment	False	The class label is the transducer family physically present in the deposited complex.
7RYC	O	oxyr_human	Gq/11	https://dx.doi.org/10.1038/S41594-022-00728-4	bound_transducer_family	direct_structural_complex_assignment	False	The class label is the transducer family physically present in the deposited complex.
7XXH	R	p2ry1_human	Gq/11		bound_transducer_family	direct_structural_complex_assignment	False	The class label is the transducer family physically present in the deposited complex.
8WJX	R	p2ry1_human	Gs		bound_transducer_family	direct_structural_complex_assignment	False	The class label is the transducer family physically present in the deposited complex.
7XXI	A	p2y12_human	Gi/o		bound_transducer_family	direct_structural_complex_assignment	False	The class label is the transducer family physically present in the deposited complex.
8XOS	R	par1_human	Gi/o		bound_transducer_family	direct_structural_complex_assignment	False	The class label is the transducer family physically present in the deposited complex.
8XOR	R	par1_human	Gq/11		bound_transducer_family	direct_structural_complex_assignment	False	The class label is the transducer family physically present in the deposited complex.
8XXV	A	pd2r2_human	Gi/o		bound_transducer_family	direct_structural_complex_assignment	False	The class label is the transducer family physically present in the deposited complex.
7CX2	R	pe2r2_human	Gs	https://dx.doi.org/10.1126/SCIADV.ABF1268	bound_transducer_family	direct_structural_complex_assignment	False	The class label is the transducer family physically present in the deposited complex.
7WU9	R	pe2r3_human	Gi/o	https://dx.doi.org/10.1016/J.CELREP.2022.111323	bound_transducer_family	direct_structural_complex_assignment	False	The class label is the transducer family physically present in the deposited complex.
8GCP	R	pe2r4_human	Gi/o	https://dx.doi.org/10.1073/PNAS.2216329120	bound_transducer_family	direct_structural_complex_assignment	False	The class label is the transducer family physically present in the deposited complex.
8GDB	R	pe2r4_human	Gs	https://dx.doi.org/10.1073/PNAS.2216329120	bound_transducer_family	direct_structural_complex_assignment	False	The class label is the transducer family physically present in the deposited complex.
8XJK	R	pf2r_human	Gq/11		bound_transducer_family	direct_structural_complex_assignment	False	The class label is the transducer family physically present in the deposited complex.
8IQ4	R	pf2r_human	Gs	https://dx.doi.org/10.1038/S41467-023-43922-8	bound_transducer_family	direct_structural_complex_assignment	False	The class label is the transducer family physically present in the deposited complex.
8X79	R	pi2r_human	Gs	https://dx.doi.org/10.1126/SCIADV.ADK5184	bound_transducer_family	direct_structural_complex_assignment	False	The class label is the transducer family physically present in the deposited complex.
8ZPS	R	prlhr_human	Gi/o	https://dx.doi.org/10.1038/S41421-024-00724-6	bound_transducer_family	direct_structural_complex_assignment	False	The class label is the transducer family physically present in the deposited complex.
8ZPT	R	prlhr_human	Gq/11	https://dx.doi.org/10.1038/S41421-024-00724-6	bound_transducer_family	direct_structural_complex_assignment	False	The class label is the transducer family physically present in the deposited complex.
8XYD	A	ptafr_human	Gi/o	https://dx.doi.org/10.1016/J.CELREP.2024.114422	bound_transducer_family	direct_structural_complex_assignment	False	The class label is the transducer family physically present in the deposited complex.
7JHJ	R	q3ksp2_ebvg	Gi/o	https://dx.doi.org/10.1016/J.IMMUNI.2021.06.001	bound_transducer_family	direct_structural_complex_assignment	False	The class label is the transducer family physically present in the deposited complex.
8K4P	A	q76sf8_hhv8	Gi/o		bound_transducer_family	direct_structural_complex_assignment	False	The class label is the transducer family physically present in the deposited complex.
8WZ2	R	qrfpr_human	Gq/11	https://dx.doi.org/10.1038/S41421-024-00670-3	bound_transducer_family	direct_structural_complex_assignment	False	The class label is the transducer family physically present in the deposited complex.
7YK7	R	rl3r2_human	Gi/o	https://dx.doi.org/10.1038/S41467-023-36182-Z	bound_transducer_family	direct_structural_complex_assignment	False	The class label is the transducer family physically present in the deposited complex.
7TMW	R	rxfp1_human	Gs		bound_transducer_family	direct_structural_complex_assignment	False	The class label is the transducer family physically present in the deposited complex.
7TD4	R	s1pr1_human	Gi/o	https://dx.doi.org/10.1038/S41467-022-28417-2	bound_transducer_family	direct_structural_complex_assignment	False	The class label is the transducer family physically present in the deposited complex.
7EW2	R	s1pr3_human	Gi/o	https://dx.doi.org/10.1038/S41422-021-00567-W	bound_transducer_family	direct_structural_complex_assignment	False	The class label is the transducer family physically present in the deposited complex.
7EW1	A	s1pr5_human	Gi/o	https://dx.doi.org/10.1038/S41422-021-00566-X	bound_transducer_family	direct_structural_complex_assignment	False	The class label is the transducer family physically present in the deposited complex.
8XIO	A	ssr1_human	Gi/o		bound_transducer_family	direct_structural_complex_assignment	False	The class label is the transducer family physically present in the deposited complex.
7T10	R	ssr2_human	Gi/o	https://dx.doi.org/10.1038/S41594-022-00727-5	bound_transducer_family	direct_structural_complex_assignment	False	The class label is the transducer family physically present in the deposited complex.
7Y26	E	ssr2_human	Gq/11	https://dx.doi.org/10.1038/S41589-022-01130-3	bound_transducer_family	direct_structural_complex_assignment	False	The class label is the transducer family physically present in the deposited complex.
8XIR	A	ssr3_human	Gi/o		bound_transducer_family	direct_structural_complex_assignment	False	The class label is the transducer family physically present in the deposited complex.
7XMS	R	ssr4_human	Gi/o	https://dx.doi.org/10.1038/S41422-022-00679-X	bound_transducer_family	direct_structural_complex_assignment	False	The class label is the transducer family physically present in the deposited complex.
8X8L	R	ssr5_human	Gi/o		bound_transducer_family	direct_structural_complex_assignment	False	The class label is the transducer family physically present in the deposited complex.
8YKV	R	sucr1_human	Gi/o		bound_transducer_family	direct_structural_complex_assignment	False	The class label is the transducer family physically present in the deposited complex.
8JPP	R	sucr1_human	Gs	https://dx.doi.org/10.1038/S41422-024-00968-7	bound_transducer_family	direct_structural_complex_assignment	False	The class label is the transducer family physically present in the deposited complex.
8XJN	R	ta2r_human	Gq/11		bound_transducer_family	direct_structural_complex_assignment	False	The class label is the transducer family physically present in the deposited complex.
8PM2	R	taa7f_mouse	Gs	https://dx.doi.org/10.1101/2023.07.07.547762	bound_transducer_family	direct_structural_complex_assignment	False	The class label is the transducer family physically present in the deposited complex.
8W87	R	taar1_human	Gs	https://dx.doi.org/10.1038/S41586-023-06775-1	bound_transducer_family	direct_structural_complex_assignment	False	The class label is the transducer family physically present in the deposited complex.
8WCB	R	taar1_mouse	Gq/11	https://dx.doi.org/10.1016/J.CELL.2023.10.014	bound_transducer_family	direct_structural_complex_assignment	False	The class label is the transducer family physically present in the deposited complex.
8ZSV	R	taar1_mouse	Gs		bound_transducer_family	direct_structural_complex_assignment	False	The class label is the transducer family physically present in the deposited complex.
8IW9	R	taar9_mouse	Gs	https://dx.doi.org/10.1038/S41586-023-06106-4	bound_transducer_family	direct_structural_complex_assignment	False	The class label is the transducer family physically present in the deposited complex.
7WKD	R	trfr_human	Gq/11	https://dx.doi.org/10.1038/S41422-022-00641-X	bound_transducer_family	direct_structural_complex_assignment	False	The class label is the transducer family physically present in the deposited complex.
7UTZ	R	tshr_human	Gs	https://dx.doi.org/10.1038/S41586-022-05159-1	bound_transducer_family	direct_structural_complex_assignment	False	The class label is the transducer family physically present in the deposited complex.
7RKM	R	us28_hcmva	Gi/o	https://dx.doi.org/10.1126/SCIADV.ABL5442	bound_transducer_family	direct_structural_complex_assignment	False	The class label is the transducer family physically present in the deposited complex.
7RKF	R	us28_hcmva	Gq/11	https://dx.doi.org/10.1126/SCIADV.ABL5442	bound_transducer_family	direct_structural_complex_assignment	False	The class label is the transducer family physically present in the deposited complex.
7DW9	R	v2r_human	Gs	https://dx.doi.org/10.1038/S41422-021-00480-2	bound_transducer_family	direct_structural_complex_assignment	False	The class label is the transducer family physically present in the deposited complex.
9AST	R	xcr1_human	Gi/o	https://dx.doi.org/10.1073/PNAS.2405732121	bound_transducer_family	direct_structural_complex_assignment	False	The class label is the transducer family physically present in the deposited complex.
