experiment	validation	fold	class_label	transformed_feature	coefficient	absolute_coefficient
core10_interpretable__bound	receptor_grouped_5fold	0	Gi/o	numeric__bound__tm6_r350_634_distance	-0.7953295714484296	0.7953295714484296
core10_interpretable__bound	receptor_grouped_5fold	0	Gi/o	numeric__bound__tm3_tm7_distance	0.03730390607610078	0.03730390607610078
core10_interpretable__bound	receptor_grouped_5fold	0	Gi/o	numeric__bound__pif_550_644_distance	-0.10342841930811074	0.10342841930811074
core10_interpretable__bound	receptor_grouped_5fold	0	Gi/o	numeric__bound__y753_displacement	0.0506215429002951	0.0506215429002951
core10_interpretable__bound	receptor_grouped_5fold	0	Gi/o	numeric__bound__tm6_aligned_displacement	-0.5207709531063802	0.5207709531063802
core10_interpretable__bound	receptor_grouped_5fold	0	Gi/o	numeric__bound__dry_r350_630_min_distance	-0.26445814141942076	0.26445814141942076
core10_interpretable__bound	receptor_grouped_5fold	0	Gi/o	numeric__bound__icl2_helix_fraction	-0.07442148383751591	0.07442148383751591
core10_interpretable__bound	receptor_grouped_5fold	0	Gi/o	numeric__bound__icl2_centroid_to_tm6_634	-0.4220625802038564	0.4220625802038564
core10_interpretable__bound	receptor_grouped_5fold	0	Gi/o	numeric__bound__tm7_h8_angle	-0.3321481162205489	0.3321481162205489
core10_interpretable__bound	receptor_grouped_5fold	0	Gi/o	numeric__bound__intracellular_cavity_core_mouth_area	-0.47804236505051795	0.47804236505051795
core10_interpretable__bound	receptor_grouped_5fold	0	Gq/11	numeric__bound__tm6_r350_634_distance	0.38287930223930633	0.38287930223930633
core10_interpretable__bound	receptor_grouped_5fold	0	Gq/11	numeric__bound__tm3_tm7_distance	-0.0839633322169657	0.0839633322169657
core10_interpretable__bound	receptor_grouped_5fold	0	Gq/11	numeric__bound__pif_550_644_distance	0.0665689332991506	0.0665689332991506
core10_interpretable__bound	receptor_grouped_5fold	0	Gq/11	numeric__bound__y753_displacement	-0.03599284295550729	0.03599284295550729
core10_interpretable__bound	receptor_grouped_5fold	0	Gq/11	numeric__bound__tm6_aligned_displacement	-0.1588028753202308	0.1588028753202308
core10_interpretable__bound	receptor_grouped_5fold	0	Gq/11	numeric__bound__dry_r350_630_min_distance	-0.5489705759554224	0.5489705759554224
core10_interpretable__bound	receptor_grouped_5fold	0	Gq/11	numeric__bound__icl2_helix_fraction	-0.16856956720487085	0.16856956720487085
core10_interpretable__bound	receptor_grouped_5fold	0	Gq/11	numeric__bound__icl2_centroid_to_tm6_634	-0.08947726922387896	0.08947726922387896
core10_interpretable__bound	receptor_grouped_5fold	0	Gq/11	numeric__bound__tm7_h8_angle	0.1840117536937777	0.1840117536937777
core10_interpretable__bound	receptor_grouped_5fold	0	Gq/11	numeric__bound__intracellular_cavity_core_mouth_area	0.29998728228389704	0.29998728228389704
core10_interpretable__bound	receptor_grouped_5fold	0	Gs	numeric__bound__tm6_r350_634_distance	0.41245026920912364	0.41245026920912364
core10_interpretable__bound	receptor_grouped_5fold	0	Gs	numeric__bound__tm3_tm7_distance	0.0466594261408648	0.0466594261408648
core10_interpretable__bound	receptor_grouped_5fold	0	Gs	numeric__bound__pif_550_644_distance	0.03685948600895978	0.03685948600895978
core10_interpretable__bound	receptor_grouped_5fold	0	Gs	numeric__bound__y753_displacement	-0.014628699944787544	0.014628699944787544
core10_interpretable__bound	receptor_grouped_5fold	0	Gs	numeric__bound__tm6_aligned_displacement	0.6795738284266112	0.6795738284266112
core10_interpretable__bound	receptor_grouped_5fold	0	Gs	numeric__bound__dry_r350_630_min_distance	0.8134287173748433	0.8134287173748433
core10_interpretable__bound	receptor_grouped_5fold	0	Gs	numeric__bound__icl2_helix_fraction	0.2429910510423869	0.2429910510423869
core10_interpretable__bound	receptor_grouped_5fold	0	Gs	numeric__bound__icl2_centroid_to_tm6_634	0.5115398494277353	0.5115398494277353
core10_interpretable__bound	receptor_grouped_5fold	0	Gs	numeric__bound__tm7_h8_angle	0.14813636252677073	0.14813636252677073
core10_interpretable__bound	receptor_grouped_5fold	0	Gs	numeric__bound__intracellular_cavity_core_mouth_area	0.17805508276662088	0.17805508276662088
core10_interpretable__bound	receptor_grouped_5fold	1	Gi/o	numeric__bound__tm6_r350_634_distance	-0.7703093271420545	0.7703093271420545
core10_interpretable__bound	receptor_grouped_5fold	1	Gi/o	numeric__bound__tm3_tm7_distance	0.041170047549011976	0.041170047549011976
core10_interpretable__bound	receptor_grouped_5fold	1	Gi/o	numeric__bound__pif_550_644_distance	-0.12945999728745583	0.12945999728745583
core10_interpretable__bound	receptor_grouped_5fold	1	Gi/o	numeric__bound__y753_displacement	0.025512059694712177	0.025512059694712177
core10_interpretable__bound	receptor_grouped_5fold	1	Gi/o	numeric__bound__tm6_aligned_displacement	-0.6162179436726538	0.6162179436726538
core10_interpretable__bound	receptor_grouped_5fold	1	Gi/o	numeric__bound__dry_r350_630_min_distance	-0.39198978520413624	0.39198978520413624
core10_interpretable__bound	receptor_grouped_5fold	1	Gi/o	numeric__bound__icl2_helix_fraction	-0.1437617297723908	0.1437617297723908
core10_interpretable__bound	receptor_grouped_5fold	1	Gi/o	numeric__bound__icl2_centroid_to_tm6_634	-0.4296970303329491	0.4296970303329491
core10_interpretable__bound	receptor_grouped_5fold	1	Gi/o	numeric__bound__tm7_h8_angle	-0.18048366690454423	0.18048366690454423
core10_interpretable__bound	receptor_grouped_5fold	1	Gi/o	numeric__bound__intracellular_cavity_core_mouth_area	-0.4512228736061644	0.4512228736061644
core10_interpretable__bound	receptor_grouped_5fold	1	Gq/11	numeric__bound__tm6_r350_634_distance	0.3399908174210979	0.3399908174210979
core10_interpretable__bound	receptor_grouped_5fold	1	Gq/11	numeric__bound__tm3_tm7_distance	-0.11179546228518175	0.11179546228518175
core10_interpretable__bound	receptor_grouped_5fold	1	Gq/11	numeric__bound__pif_550_644_distance	0.3280907338893269	0.3280907338893269
core10_interpretable__bound	receptor_grouped_5fold	1	Gq/11	numeric__bound__y753_displacement	-0.06460113401688593	0.06460113401688593
core10_interpretable__bound	receptor_grouped_5fold	1	Gq/11	numeric__bound__tm6_aligned_displacement	-0.017038075935622725	0.017038075935622725
core10_interpretable__bound	receptor_grouped_5fold	1	Gq/11	numeric__bound__dry_r350_630_min_distance	-0.5208934212183907	0.5208934212183907
core10_interpretable__bound	receptor_grouped_5fold	1	Gq/11	numeric__bound__icl2_helix_fraction	-0.21027357876431713	0.21027357876431713
core10_interpretable__bound	receptor_grouped_5fold	1	Gq/11	numeric__bound__icl2_centroid_to_tm6_634	0.04182196095176165	0.04182196095176165
core10_interpretable__bound	receptor_grouped_5fold	1	Gq/11	numeric__bound__tm7_h8_angle	-0.23197079090051173	0.23197079090051173
core10_interpretable__bound	receptor_grouped_5fold	1	Gq/11	numeric__bound__intracellular_cavity_core_mouth_area	0.0816248935266734	0.0816248935266734
core10_interpretable__bound	receptor_grouped_5fold	1	Gs	numeric__bound__tm6_r350_634_distance	0.4303185097209567	0.4303185097209567
core10_interpretable__bound	receptor_grouped_5fold	1	Gs	numeric__bound__tm3_tm7_distance	0.07062541473616975	0.07062541473616975
core10_interpretable__bound	receptor_grouped_5fold	1	Gs	numeric__bound__pif_550_644_distance	-0.19863073660187108	0.19863073660187108
core10_interpretable__bound	receptor_grouped_5fold	1	Gs	numeric__bound__y753_displacement	0.03908907432217373	0.03908907432217373
core10_interpretable__bound	receptor_grouped_5fold	1	Gs	numeric__bound__tm6_aligned_displacement	0.6332560196082767	0.6332560196082767
core10_interpretable__bound	receptor_grouped_5fold	1	Gs	numeric__bound__dry_r350_630_min_distance	0.912883206422527	0.912883206422527
core10_interpretable__bound	receptor_grouped_5fold	1	Gs	numeric__bound__icl2_helix_fraction	0.35403530853670767	0.35403530853670767
core10_interpretable__bound	receptor_grouped_5fold	1	Gs	numeric__bound__icl2_centroid_to_tm6_634	0.38787506938118765	0.38787506938118765
core10_interpretable__bound	receptor_grouped_5fold	1	Gs	numeric__bound__tm7_h8_angle	0.41245445780505596	0.41245445780505596
core10_interpretable__bound	receptor_grouped_5fold	1	Gs	numeric__bound__intracellular_cavity_core_mouth_area	0.3695979800794911	0.3695979800794911
core10_interpretable__bound	receptor_grouped_5fold	2	Gi/o	numeric__bound__tm6_r350_634_distance	-0.6350140025014736	0.6350140025014736
core10_interpretable__bound	receptor_grouped_5fold	2	Gi/o	numeric__bound__tm3_tm7_distance	0.3597466072094964	0.3597466072094964
core10_interpretable__bound	receptor_grouped_5fold	2	Gi/o	numeric__bound__pif_550_644_distance	-0.21858847271920726	0.21858847271920726
core10_interpretable__bound	receptor_grouped_5fold	2	Gi/o	numeric__bound__y753_displacement	-0.06108427549507713	0.06108427549507713
core10_interpretable__bound	receptor_grouped_5fold	2	Gi/o	numeric__bound__tm6_aligned_displacement	-0.4300086338709979	0.4300086338709979
core10_interpretable__bound	receptor_grouped_5fold	2	Gi/o	numeric__bound__dry_r350_630_min_distance	-0.23438776470692116	0.23438776470692116
core10_interpretable__bound	receptor_grouped_5fold	2	Gi/o	numeric__bound__icl2_helix_fraction	-0.08675583539948273	0.08675583539948273
core10_interpretable__bound	receptor_grouped_5fold	2	Gi/o	numeric__bound__icl2_centroid_to_tm6_634	-0.6751669617177921	0.6751669617177921
core10_interpretable__bound	receptor_grouped_5fold	2	Gi/o	numeric__bound__tm7_h8_angle	-0.06915135424910607	0.06915135424910607
core10_interpretable__bound	receptor_grouped_5fold	2	Gi/o	numeric__bound__intracellular_cavity_core_mouth_area	-0.294947063185453	0.294947063185453
core10_interpretable__bound	receptor_grouped_5fold	2	Gq/11	numeric__bound__tm6_r350_634_distance	0.30344879476044473	0.30344879476044473
core10_interpretable__bound	receptor_grouped_5fold	2	Gq/11	numeric__bound__tm3_tm7_distance	-0.29390489978613044	0.29390489978613044
core10_interpretable__bound	receptor_grouped_5fold	2	Gq/11	numeric__bound__pif_550_644_distance	0.5034008983600998	0.5034008983600998
core10_interpretable__bound	receptor_grouped_5fold	2	Gq/11	numeric__bound__y753_displacement	-0.00966502722547539	0.00966502722547539
core10_interpretable__bound	receptor_grouped_5fold	2	Gq/11	numeric__bound__tm6_aligned_displacement	-0.09536448724980469	0.09536448724980469
core10_interpretable__bound	receptor_grouped_5fold	2	Gq/11	numeric__bound__dry_r350_630_min_distance	-0.5633912303745646	0.5633912303745646
core10_interpretable__bound	receptor_grouped_5fold	2	Gq/11	numeric__bound__icl2_helix_fraction	0.002022263645729024	0.002022263645729024
core10_interpretable__bound	receptor_grouped_5fold	2	Gq/11	numeric__bound__icl2_centroid_to_tm6_634	0.46192261614448965	0.46192261614448965
core10_interpretable__bound	receptor_grouped_5fold	2	Gq/11	numeric__bound__tm7_h8_angle	-0.6178053539730499	0.6178053539730499
core10_interpretable__bound	receptor_grouped_5fold	2	Gq/11	numeric__bound__intracellular_cavity_core_mouth_area	0.24419541996175362	0.24419541996175362
core10_interpretable__bound	receptor_grouped_5fold	2	Gs	numeric__bound__tm6_r350_634_distance	0.3315652077410287	0.3315652077410287
core10_interpretable__bound	receptor_grouped_5fold	2	Gs	numeric__bound__tm3_tm7_distance	-0.06584170742336592	0.06584170742336592
core10_interpretable__bound	receptor_grouped_5fold	2	Gs	numeric__bound__pif_550_644_distance	-0.28481242564089276	0.28481242564089276
core10_interpretable__bound	receptor_grouped_5fold	2	Gs	numeric__bound__y753_displacement	0.07074930272055227	0.07074930272055227
core10_interpretable__bound	receptor_grouped_5fold	2	Gs	numeric__bound__tm6_aligned_displacement	0.5253731211208021	0.5253731211208021
core10_interpretable__bound	receptor_grouped_5fold	2	Gs	numeric__bound__dry_r350_630_min_distance	0.7977789950814852	0.7977789950814852
core10_interpretable__bound	receptor_grouped_5fold	2	Gs	numeric__bound__icl2_helix_fraction	0.08473357175375384	0.08473357175375384
core10_interpretable__bound	receptor_grouped_5fold	2	Gs	numeric__bound__icl2_centroid_to_tm6_634	0.21324434557330213	0.21324434557330213
core10_interpretable__bound	receptor_grouped_5fold	2	Gs	numeric__bound__tm7_h8_angle	0.6869567082221557	0.6869567082221557
core10_interpretable__bound	receptor_grouped_5fold	2	Gs	numeric__bound__intracellular_cavity_core_mouth_area	0.050751643223699995	0.050751643223699995
core10_interpretable__bound	receptor_grouped_5fold	3	Gi/o	numeric__bound__tm6_r350_634_distance	-0.6973908391544528	0.6973908391544528
core10_interpretable__bound	receptor_grouped_5fold	3	Gi/o	numeric__bound__tm3_tm7_distance	0.10742566736136885	0.10742566736136885
core10_interpretable__bound	receptor_grouped_5fold	3	Gi/o	numeric__bound__pif_550_644_distance	-0.1262483211734432	0.1262483211734432
core10_interpretable__bound	receptor_grouped_5fold	3	Gi/o	numeric__bound__y753_displacement	-0.08026480535655389	0.08026480535655389
core10_interpretable__bound	receptor_grouped_5fold	3	Gi/o	numeric__bound__tm6_aligned_displacement	-0.5400992272912847	0.5400992272912847
core10_interpretable__bound	receptor_grouped_5fold	3	Gi/o	numeric__bound__dry_r350_630_min_distance	-0.32734781506725397	0.32734781506725397
core10_interpretable__bound	receptor_grouped_5fold	3	Gi/o	numeric__bound__icl2_helix_fraction	0.1110289868992152	0.1110289868992152
core10_interpretable__bound	receptor_grouped_5fold	3	Gi/o	numeric__bound__icl2_centroid_to_tm6_634	-0.36928635423484685	0.36928635423484685
core10_interpretable__bound	receptor_grouped_5fold	3	Gi/o	numeric__bound__tm7_h8_angle	-0.15793917460095344	0.15793917460095344
core10_interpretable__bound	receptor_grouped_5fold	3	Gi/o	numeric__bound__intracellular_cavity_core_mouth_area	-0.47241912541533887	0.47241912541533887
core10_interpretable__bound	receptor_grouped_5fold	3	Gq/11	numeric__bound__tm6_r350_634_distance	0.2035720585942461	0.2035720585942461
core10_interpretable__bound	receptor_grouped_5fold	3	Gq/11	numeric__bound__tm3_tm7_distance	-0.21933369811448175	0.21933369811448175
core10_interpretable__bound	receptor_grouped_5fold	3	Gq/11	numeric__bound__pif_550_644_distance	0.29116387445190345	0.29116387445190345
core10_interpretable__bound	receptor_grouped_5fold	3	Gq/11	numeric__bound__y753_displacement	0.2495119015813865	0.2495119015813865
core10_interpretable__bound	receptor_grouped_5fold	3	Gq/11	numeric__bound__tm6_aligned_displacement	-0.1350091323613843	0.1350091323613843
core10_interpretable__bound	receptor_grouped_5fold	3	Gq/11	numeric__bound__dry_r350_630_min_distance	-0.31197960850609296	0.31197960850609296
core10_interpretable__bound	receptor_grouped_5fold	3	Gq/11	numeric__bound__icl2_helix_fraction	-0.5614829838950728	0.5614829838950728
core10_interpretable__bound	receptor_grouped_5fold	3	Gq/11	numeric__bound__icl2_centroid_to_tm6_634	-0.0972703445585497	0.0972703445585497
core10_interpretable__bound	receptor_grouped_5fold	3	Gq/11	numeric__bound__tm7_h8_angle	-0.20048541948548015	0.20048541948548015
core10_interpretable__bound	receptor_grouped_5fold	3	Gq/11	numeric__bound__intracellular_cavity_core_mouth_area	0.41804963540269496	0.41804963540269496
core10_interpretable__bound	receptor_grouped_5fold	3	Gs	numeric__bound__tm6_r350_634_distance	0.49381878056020656	0.49381878056020656
core10_interpretable__bound	receptor_grouped_5fold	3	Gs	numeric__bound__tm3_tm7_distance	0.1119080307531129	0.1119080307531129
core10_interpretable__bound	receptor_grouped_5fold	3	Gs	numeric__bound__pif_550_644_distance	-0.16491555327846036	0.16491555327846036
core10_interpretable__bound	receptor_grouped_5fold	3	Gs	numeric__bound__y753_displacement	-0.16924709622483272	0.16924709622483272
core10_interpretable__bound	receptor_grouped_5fold	3	Gs	numeric__bound__tm6_aligned_displacement	0.6751083596526688	0.6751083596526688
core10_interpretable__bound	receptor_grouped_5fold	3	Gs	numeric__bound__dry_r350_630_min_distance	0.6393274235733468	0.6393274235733468
core10_interpretable__bound	receptor_grouped_5fold	3	Gs	numeric__bound__icl2_helix_fraction	0.4504539969958572	0.4504539969958572
core10_interpretable__bound	receptor_grouped_5fold	3	Gs	numeric__bound__icl2_centroid_to_tm6_634	0.46655669879339656	0.46655669879339656
core10_interpretable__bound	receptor_grouped_5fold	3	Gs	numeric__bound__tm7_h8_angle	0.35842459408643373	0.35842459408643373
core10_interpretable__bound	receptor_grouped_5fold	3	Gs	numeric__bound__intracellular_cavity_core_mouth_area	0.05436949001264385	0.05436949001264385
core10_interpretable__bound	receptor_grouped_5fold	4	Gi/o	numeric__bound__tm6_r350_634_distance	-0.6292550730681975	0.6292550730681975
core10_interpretable__bound	receptor_grouped_5fold	4	Gi/o	numeric__bound__tm3_tm7_distance	0.23650545712912163	0.23650545712912163
core10_interpretable__bound	receptor_grouped_5fold	4	Gi/o	numeric__bound__pif_550_644_distance	-0.18783011906412747	0.18783011906412747
core10_interpretable__bound	receptor_grouped_5fold	4	Gi/o	numeric__bound__y753_displacement	0.14528811712511885	0.14528811712511885
core10_interpretable__bound	receptor_grouped_5fold	4	Gi/o	numeric__bound__tm6_aligned_displacement	-0.5142669240841263	0.5142669240841263
core10_interpretable__bound	receptor_grouped_5fold	4	Gi/o	numeric__bound__dry_r350_630_min_distance	-0.4995845974697947	0.4995845974697947
core10_interpretable__bound	receptor_grouped_5fold	4	Gi/o	numeric__bound__icl2_helix_fraction	-0.2181639983151355	0.2181639983151355
core10_interpretable__bound	receptor_grouped_5fold	4	Gi/o	numeric__bound__icl2_centroid_to_tm6_634	-0.2751409538849987	0.2751409538849987
core10_interpretable__bound	receptor_grouped_5fold	4	Gi/o	numeric__bound__tm7_h8_angle	-0.3154428879551879	0.3154428879551879
core10_interpretable__bound	receptor_grouped_5fold	4	Gi/o	numeric__bound__intracellular_cavity_core_mouth_area	-0.4394858694632056	0.4394858694632056
core10_interpretable__bound	receptor_grouped_5fold	4	Gq/11	numeric__bound__tm6_r350_634_distance	0.27442544805990765	0.27442544805990765
core10_interpretable__bound	receptor_grouped_5fold	4	Gq/11	numeric__bound__tm3_tm7_distance	-0.46651429747247086	0.46651429747247086
core10_interpretable__bound	receptor_grouped_5fold	4	Gq/11	numeric__bound__pif_550_644_distance	-0.0076478766638221505	0.0076478766638221505
core10_interpretable__bound	receptor_grouped_5fold	4	Gq/11	numeric__bound__y753_displacement	-0.040630332311390696	0.040630332311390696
core10_interpretable__bound	receptor_grouped_5fold	4	Gq/11	numeric__bound__tm6_aligned_displacement	-0.07390178972870023	0.07390178972870023
core10_interpretable__bound	receptor_grouped_5fold	4	Gq/11	numeric__bound__dry_r350_630_min_distance	-0.41658064745390094	0.41658064745390094
core10_interpretable__bound	receptor_grouped_5fold	4	Gq/11	numeric__bound__icl2_helix_fraction	-0.06740772678260121	0.06740772678260121
core10_interpretable__bound	receptor_grouped_5fold	4	Gq/11	numeric__bound__icl2_centroid_to_tm6_634	0.02641046636490629	0.02641046636490629
core10_interpretable__bound	receptor_grouped_5fold	4	Gq/11	numeric__bound__tm7_h8_angle	-0.04506814168163478	0.04506814168163478
core10_interpretable__bound	receptor_grouped_5fold	4	Gq/11	numeric__bound__intracellular_cavity_core_mouth_area	0.028365642783086564	0.028365642783086564
core10_interpretable__bound	receptor_grouped_5fold	4	Gs	numeric__bound__tm6_r350_634_distance	0.35482962500829	0.35482962500829
core10_interpretable__bound	receptor_grouped_5fold	4	Gs	numeric__bound__tm3_tm7_distance	0.23000884034334898	0.23000884034334898
core10_interpretable__bound	receptor_grouped_5fold	4	Gs	numeric__bound__pif_550_644_distance	0.19547799572794974	0.19547799572794974
core10_interpretable__bound	receptor_grouped_5fold	4	Gs	numeric__bound__y753_displacement	-0.10465778481372799	0.10465778481372799
core10_interpretable__bound	receptor_grouped_5fold	4	Gs	numeric__bound__tm6_aligned_displacement	0.5881687138128265	0.5881687138128265
core10_interpretable__bound	receptor_grouped_5fold	4	Gs	numeric__bound__dry_r350_630_min_distance	0.9161652449236958	0.9161652449236958
core10_interpretable__bound	receptor_grouped_5fold	4	Gs	numeric__bound__icl2_helix_fraction	0.285571725097737	0.285571725097737
core10_interpretable__bound	receptor_grouped_5fold	4	Gs	numeric__bound__icl2_centroid_to_tm6_634	0.24873048752009239	0.24873048752009239
core10_interpretable__bound	receptor_grouped_5fold	4	Gs	numeric__bound__tm7_h8_angle	0.3605110296368225	0.3605110296368225
core10_interpretable__bound	receptor_grouped_5fold	4	Gs	numeric__bound__intracellular_cavity_core_mouth_area	0.4111202266801191	0.4111202266801191
core10_interpretable__free	receptor_grouped_5fold	0	Gi/o	numeric__receptor_only__tm6_r350_634_distance	-0.45942153553159537	0.45942153553159537
core10_interpretable__free	receptor_grouped_5fold	0	Gi/o	numeric__receptor_only__tm3_tm7_distance	0.4845453775892465	0.4845453775892465
core10_interpretable__free	receptor_grouped_5fold	0	Gi/o	numeric__receptor_only__pif_550_644_distance	-0.2851627278160765	0.2851627278160765
core10_interpretable__free	receptor_grouped_5fold	0	Gi/o	numeric__receptor_only__y753_displacement	6.69482229676605e-05	6.69482229676605e-05
core10_interpretable__free	receptor_grouped_5fold	0	Gi/o	numeric__receptor_only__tm6_aligned_displacement	-0.44051183263586763	0.44051183263586763
core10_interpretable__free	receptor_grouped_5fold	0	Gi/o	numeric__receptor_only__dry_r350_630_min_distance	-0.34435066340611825	0.34435066340611825
core10_interpretable__free	receptor_grouped_5fold	0	Gi/o	numeric__receptor_only__icl2_helix_fraction	-0.25451538669598733	0.25451538669598733
core10_interpretable__free	receptor_grouped_5fold	0	Gi/o	numeric__receptor_only__icl2_centroid_to_tm6_634	-0.39297706016757394	0.39297706016757394
core10_interpretable__free	receptor_grouped_5fold	0	Gi/o	numeric__receptor_only__tm7_h8_angle	0.22299803211894473	0.22299803211894473
core10_interpretable__free	receptor_grouped_5fold	0	Gi/o	numeric__receptor_only__intracellular_cavity_core_mouth_area	-0.11020047954595957	0.11020047954595957
core10_interpretable__free	receptor_grouped_5fold	0	Gq/11	numeric__receptor_only__tm6_r350_634_distance	-0.013739191317873838	0.013739191317873838
core10_interpretable__free	receptor_grouped_5fold	0	Gq/11	numeric__receptor_only__tm3_tm7_distance	-0.4182416756645115	0.4182416756645115
core10_interpretable__free	receptor_grouped_5fold	0	Gq/11	numeric__receptor_only__pif_550_644_distance	0.18703250422409512	0.18703250422409512
core10_interpretable__free	receptor_grouped_5fold	0	Gq/11	numeric__receptor_only__y753_displacement	-0.29063448424816996	0.29063448424816996
core10_interpretable__free	receptor_grouped_5fold	0	Gq/11	numeric__receptor_only__tm6_aligned_displacement	-0.23657060070708882	0.23657060070708882
core10_interpretable__free	receptor_grouped_5fold	0	Gq/11	numeric__receptor_only__dry_r350_630_min_distance	-0.24489264329162505	0.24489264329162505
core10_interpretable__free	receptor_grouped_5fold	0	Gq/11	numeric__receptor_only__icl2_helix_fraction	0.3773441803515929	0.3773441803515929
core10_interpretable__free	receptor_grouped_5fold	0	Gq/11	numeric__receptor_only__icl2_centroid_to_tm6_634	-0.006011056375151518	0.006011056375151518
core10_interpretable__free	receptor_grouped_5fold	0	Gq/11	numeric__receptor_only__tm7_h8_angle	-0.05646266802975965	0.05646266802975965
core10_interpretable__free	receptor_grouped_5fold	0	Gq/11	numeric__receptor_only__intracellular_cavity_core_mouth_area	-0.01358439165858411	0.01358439165858411
core10_interpretable__free	receptor_grouped_5fold	0	Gs	numeric__receptor_only__tm6_r350_634_distance	0.4731607268494691	0.4731607268494691
core10_interpretable__free	receptor_grouped_5fold	0	Gs	numeric__receptor_only__tm3_tm7_distance	-0.06630370192473478	0.06630370192473478
core10_interpretable__free	receptor_grouped_5fold	0	Gs	numeric__receptor_only__pif_550_644_distance	0.09813022359198137	0.09813022359198137
core10_interpretable__free	receptor_grouped_5fold	0	Gs	numeric__receptor_only__y753_displacement	0.29056753602520213	0.29056753602520213
core10_interpretable__free	receptor_grouped_5fold	0	Gs	numeric__receptor_only__tm6_aligned_displacement	0.6770824333429563	0.6770824333429563
core10_interpretable__free	receptor_grouped_5fold	0	Gs	numeric__receptor_only__dry_r350_630_min_distance	0.5892433066977434	0.5892433066977434
core10_interpretable__free	receptor_grouped_5fold	0	Gs	numeric__receptor_only__icl2_helix_fraction	-0.12282879365560576	0.12282879365560576
core10_interpretable__free	receptor_grouped_5fold	0	Gs	numeric__receptor_only__icl2_centroid_to_tm6_634	0.39898811654272553	0.39898811654272553
core10_interpretable__free	receptor_grouped_5fold	0	Gs	numeric__receptor_only__tm7_h8_angle	-0.16653536408918518	0.16653536408918518
core10_interpretable__free	receptor_grouped_5fold	0	Gs	numeric__receptor_only__intracellular_cavity_core_mouth_area	0.12378487120454376	0.12378487120454376
core10_interpretable__free	receptor_grouped_5fold	1	Gi/o	numeric__receptor_only__tm6_r350_634_distance	-0.2181709665966079	0.2181709665966079
core10_interpretable__free	receptor_grouped_5fold	1	Gi/o	numeric__receptor_only__tm3_tm7_distance	0.5756785397728861	0.5756785397728861
core10_interpretable__free	receptor_grouped_5fold	1	Gi/o	numeric__receptor_only__pif_550_644_distance	-0.24332308842530806	0.24332308842530806
core10_interpretable__free	receptor_grouped_5fold	1	Gi/o	numeric__receptor_only__y753_displacement	-0.037732850282361535	0.037732850282361535
core10_interpretable__free	receptor_grouped_5fold	1	Gi/o	numeric__receptor_only__tm6_aligned_displacement	-0.3575629534611493	0.3575629534611493
core10_interpretable__free	receptor_grouped_5fold	1	Gi/o	numeric__receptor_only__dry_r350_630_min_distance	-0.06863703739648735	0.06863703739648735
core10_interpretable__free	receptor_grouped_5fold	1	Gi/o	numeric__receptor_only__icl2_helix_fraction	-0.47678993019725097	0.47678993019725097
core10_interpretable__free	receptor_grouped_5fold	1	Gi/o	numeric__receptor_only__icl2_centroid_to_tm6_634	-0.2739975740034449	0.2739975740034449
core10_interpretable__free	receptor_grouped_5fold	1	Gi/o	numeric__receptor_only__tm7_h8_angle	0.35240960329105275	0.35240960329105275
core10_interpretable__free	receptor_grouped_5fold	1	Gi/o	numeric__receptor_only__intracellular_cavity_core_mouth_area	0.38146575044111114	0.38146575044111114
core10_interpretable__free	receptor_grouped_5fold	1	Gq/11	numeric__receptor_only__tm6_r350_634_distance	0.1761300812400525	0.1761300812400525
core10_interpretable__free	receptor_grouped_5fold	1	Gq/11	numeric__receptor_only__tm3_tm7_distance	-0.7364637328496998	0.7364637328496998
core10_interpretable__free	receptor_grouped_5fold	1	Gq/11	numeric__receptor_only__pif_550_644_distance	0.2683096599950487	0.2683096599950487
core10_interpretable__free	receptor_grouped_5fold	1	Gq/11	numeric__receptor_only__y753_displacement	-0.3625222852818381	0.3625222852818381
core10_interpretable__free	receptor_grouped_5fold	1	Gq/11	numeric__receptor_only__tm6_aligned_displacement	-0.13854425010973506	0.13854425010973506
core10_interpretable__free	receptor_grouped_5fold	1	Gq/11	numeric__receptor_only__dry_r350_630_min_distance	0.16512359872238305	0.16512359872238305
core10_interpretable__free	receptor_grouped_5fold	1	Gq/11	numeric__receptor_only__icl2_helix_fraction	0.16252174252689078	0.16252174252689078
core10_interpretable__free	receptor_grouped_5fold	1	Gq/11	numeric__receptor_only__icl2_centroid_to_tm6_634	-0.08971928986227094	0.08971928986227094
core10_interpretable__free	receptor_grouped_5fold	1	Gq/11	numeric__receptor_only__tm7_h8_angle	-0.07151926915888564	0.07151926915888564
core10_interpretable__free	receptor_grouped_5fold	1	Gq/11	numeric__receptor_only__intracellular_cavity_core_mouth_area	0.26659008919565125	0.26659008919565125
core10_interpretable__free	receptor_grouped_5fold	1	Gs	numeric__receptor_only__tm6_r350_634_distance	0.04204088535655533	0.04204088535655533
core10_interpretable__free	receptor_grouped_5fold	1	Gs	numeric__receptor_only__tm3_tm7_distance	0.1607851930768137	0.1607851930768137
core10_interpretable__free	receptor_grouped_5fold	1	Gs	numeric__receptor_only__pif_550_644_distance	-0.02498657156974037	0.02498657156974037
core10_interpretable__free	receptor_grouped_5fold	1	Gs	numeric__receptor_only__y753_displacement	0.4002551355641995	0.4002551355641995
core10_interpretable__free	receptor_grouped_5fold	1	Gs	numeric__receptor_only__tm6_aligned_displacement	0.49610720357088445	0.49610720357088445
core10_interpretable__free	receptor_grouped_5fold	1	Gs	numeric__receptor_only__dry_r350_630_min_distance	-0.09648656132589545	0.09648656132589545
core10_interpretable__free	receptor_grouped_5fold	1	Gs	numeric__receptor_only__icl2_helix_fraction	0.31426818767036047	0.31426818767036047
core10_interpretable__free	receptor_grouped_5fold	1	Gs	numeric__receptor_only__icl2_centroid_to_tm6_634	0.36371686386571594	0.36371686386571594
core10_interpretable__free	receptor_grouped_5fold	1	Gs	numeric__receptor_only__tm7_h8_angle	-0.280890334132167	0.280890334132167
core10_interpretable__free	receptor_grouped_5fold	1	Gs	numeric__receptor_only__intracellular_cavity_core_mouth_area	-0.6480558396367625	0.6480558396367625
core10_interpretable__free	receptor_grouped_5fold	2	Gi/o	numeric__receptor_only__tm6_r350_634_distance	-0.26114467205942643	0.26114467205942643
core10_interpretable__free	receptor_grouped_5fold	2	Gi/o	numeric__receptor_only__tm3_tm7_distance	0.6759426824146031	0.6759426824146031
core10_interpretable__free	receptor_grouped_5fold	2	Gi/o	numeric__receptor_only__pif_550_644_distance	-0.2771128766674695	0.2771128766674695
core10_interpretable__free	receptor_grouped_5fold	2	Gi/o	numeric__receptor_only__y753_displacement	-0.05161913584104059	0.05161913584104059
core10_interpretable__free	receptor_grouped_5fold	2	Gi/o	numeric__receptor_only__tm6_aligned_displacement	-0.340988380166385	0.340988380166385
core10_interpretable__free	receptor_grouped_5fold	2	Gi/o	numeric__receptor_only__dry_r350_630_min_distance	-0.1971999032331096	0.1971999032331096
core10_interpretable__free	receptor_grouped_5fold	2	Gi/o	numeric__receptor_only__icl2_helix_fraction	-0.5334923705070007	0.5334923705070007
core10_interpretable__free	receptor_grouped_5fold	2	Gi/o	numeric__receptor_only__icl2_centroid_to_tm6_634	-0.302889594299478	0.302889594299478
core10_interpretable__free	receptor_grouped_5fold	2	Gi/o	numeric__receptor_only__tm7_h8_angle	0.3157509475672958	0.3157509475672958
core10_interpretable__free	receptor_grouped_5fold	2	Gi/o	numeric__receptor_only__intracellular_cavity_core_mouth_area	0.34455314877003707	0.34455314877003707
core10_interpretable__free	receptor_grouped_5fold	2	Gq/11	numeric__receptor_only__tm6_r350_634_distance	0.2860070925902818	0.2860070925902818
core10_interpretable__free	receptor_grouped_5fold	2	Gq/11	numeric__receptor_only__tm3_tm7_distance	-0.6093595393472787	0.6093595393472787
core10_interpretable__free	receptor_grouped_5fold	2	Gq/11	numeric__receptor_only__pif_550_644_distance	0.2904990880716656	0.2904990880716656
core10_interpretable__free	receptor_grouped_5fold	2	Gq/11	numeric__receptor_only__y753_displacement	-0.3435177127369099	0.3435177127369099
core10_interpretable__free	receptor_grouped_5fold	2	Gq/11	numeric__receptor_only__tm6_aligned_displacement	-0.26886922301052935	0.26886922301052935
core10_interpretable__free	receptor_grouped_5fold	2	Gq/11	numeric__receptor_only__dry_r350_630_min_distance	0.15509943831848927	0.15509943831848927
core10_interpretable__free	receptor_grouped_5fold	2	Gq/11	numeric__receptor_only__icl2_helix_fraction	0.5082520725554458	0.5082520725554458
core10_interpretable__free	receptor_grouped_5fold	2	Gq/11	numeric__receptor_only__icl2_centroid_to_tm6_634	0.3085631709382363	0.3085631709382363
core10_interpretable__free	receptor_grouped_5fold	2	Gq/11	numeric__receptor_only__tm7_h8_angle	-0.15712864082971018	0.15712864082971018
core10_interpretable__free	receptor_grouped_5fold	2	Gq/11	numeric__receptor_only__intracellular_cavity_core_mouth_area	0.2512294177508605	0.2512294177508605
core10_interpretable__free	receptor_grouped_5fold	2	Gs	numeric__receptor_only__tm6_r350_634_distance	-0.024862420530855165	0.024862420530855165
core10_interpretable__free	receptor_grouped_5fold	2	Gs	numeric__receptor_only__tm3_tm7_distance	-0.06658314306732459	0.06658314306732459
core10_interpretable__free	receptor_grouped_5fold	2	Gs	numeric__receptor_only__pif_550_644_distance	-0.01338621140419574	0.01338621140419574
core10_interpretable__free	receptor_grouped_5fold	2	Gs	numeric__receptor_only__y753_displacement	0.3951368485779504	0.3951368485779504
core10_interpretable__free	receptor_grouped_5fold	2	Gs	numeric__receptor_only__tm6_aligned_displacement	0.6098576031769145	0.6098576031769145
core10_interpretable__free	receptor_grouped_5fold	2	Gs	numeric__receptor_only__dry_r350_630_min_distance	0.042100464914620536	0.042100464914620536
core10_interpretable__free	receptor_grouped_5fold	2	Gs	numeric__receptor_only__icl2_helix_fraction	0.02524029795155486	0.02524029795155486
core10_interpretable__free	receptor_grouped_5fold	2	Gs	numeric__receptor_only__icl2_centroid_to_tm6_634	-0.00567357663875792	0.00567357663875792
core10_interpretable__free	receptor_grouped_5fold	2	Gs	numeric__receptor_only__tm7_h8_angle	-0.1586223067375855	0.1586223067375855
core10_interpretable__free	receptor_grouped_5fold	2	Gs	numeric__receptor_only__intracellular_cavity_core_mouth_area	-0.5957825665208974	0.5957825665208974
core10_interpretable__free	receptor_grouped_5fold	3	Gi/o	numeric__receptor_only__tm6_r350_634_distance	-0.2006290719102473	0.2006290719102473
core10_interpretable__free	receptor_grouped_5fold	3	Gi/o	numeric__receptor_only__tm3_tm7_distance	0.5214989973516675	0.5214989973516675
core10_interpretable__free	receptor_grouped_5fold	3	Gi/o	numeric__receptor_only__pif_550_644_distance	-0.16413502594887866	0.16413502594887866
core10_interpretable__free	receptor_grouped_5fold	3	Gi/o	numeric__receptor_only__y753_displacement	-0.3779877515370806	0.3779877515370806
core10_interpretable__free	receptor_grouped_5fold	3	Gi/o	numeric__receptor_only__tm6_aligned_displacement	-0.32000666379788745	0.32000666379788745
core10_interpretable__free	receptor_grouped_5fold	3	Gi/o	numeric__receptor_only__dry_r350_630_min_distance	-0.233362371089606	0.233362371089606
core10_interpretable__free	receptor_grouped_5fold	3	Gi/o	numeric__receptor_only__icl2_helix_fraction	-0.2908816178655183	0.2908816178655183
core10_interpretable__free	receptor_grouped_5fold	3	Gi/o	numeric__receptor_only__icl2_centroid_to_tm6_634	-0.27985184213815034	0.27985184213815034
core10_interpretable__free	receptor_grouped_5fold	3	Gi/o	numeric__receptor_only__tm7_h8_angle	0.36783029312811283	0.36783029312811283
core10_interpretable__free	receptor_grouped_5fold	3	Gi/o	numeric__receptor_only__intracellular_cavity_core_mouth_area	0.21758632743874962	0.21758632743874962
core10_interpretable__free	receptor_grouped_5fold	3	Gq/11	numeric__receptor_only__tm6_r350_634_distance	0.19229654795937998	0.19229654795937998
core10_interpretable__free	receptor_grouped_5fold	3	Gq/11	numeric__receptor_only__tm3_tm7_distance	-0.8055557288166977	0.8055557288166977
core10_interpretable__free	receptor_grouped_5fold	3	Gq/11	numeric__receptor_only__pif_550_644_distance	-0.08761476196247564	0.08761476196247564
core10_interpretable__free	receptor_grouped_5fold	3	Gq/11	numeric__receptor_only__y753_displacement	-0.11054921564030375	0.11054921564030375
core10_interpretable__free	receptor_grouped_5fold	3	Gq/11	numeric__receptor_only__tm6_aligned_displacement	-0.1833617439871089	0.1833617439871089
core10_interpretable__free	receptor_grouped_5fold	3	Gq/11	numeric__receptor_only__dry_r350_630_min_distance	0.23038715984187214	0.23038715984187214
core10_interpretable__free	receptor_grouped_5fold	3	Gq/11	numeric__receptor_only__icl2_helix_fraction	0.5403860343100462	0.5403860343100462
core10_interpretable__free	receptor_grouped_5fold	3	Gq/11	numeric__receptor_only__icl2_centroid_to_tm6_634	-0.044973611299957465	0.044973611299957465
core10_interpretable__free	receptor_grouped_5fold	3	Gq/11	numeric__receptor_only__tm7_h8_angle	0.08960550666392962	0.08960550666392962
core10_interpretable__free	receptor_grouped_5fold	3	Gq/11	numeric__receptor_only__intracellular_cavity_core_mouth_area	0.39889844874897995	0.39889844874897995
core10_interpretable__free	receptor_grouped_5fold	3	Gs	numeric__receptor_only__tm6_r350_634_distance	0.008332523950866946	0.008332523950866946
core10_interpretable__free	receptor_grouped_5fold	3	Gs	numeric__receptor_only__tm3_tm7_distance	0.28405673146503063	0.28405673146503063
core10_interpretable__free	receptor_grouped_5fold	3	Gs	numeric__receptor_only__pif_550_644_distance	0.25174978791135416	0.25174978791135416
core10_interpretable__free	receptor_grouped_5fold	3	Gs	numeric__receptor_only__y753_displacement	0.4885369671773839	0.4885369671773839
core10_interpretable__free	receptor_grouped_5fold	3	Gs	numeric__receptor_only__tm6_aligned_displacement	0.5033684077849958	0.5033684077849958
core10_interpretable__free	receptor_grouped_5fold	3	Gs	numeric__receptor_only__dry_r350_630_min_distance	0.002975211247733551	0.002975211247733551
core10_interpretable__free	receptor_grouped_5fold	3	Gs	numeric__receptor_only__icl2_helix_fraction	-0.24950441644452814	0.24950441644452814
core10_interpretable__free	receptor_grouped_5fold	3	Gs	numeric__receptor_only__icl2_centroid_to_tm6_634	0.3248254534381075	0.3248254534381075
core10_interpretable__free	receptor_grouped_5fold	3	Gs	numeric__receptor_only__tm7_h8_angle	-0.45743579979204213	0.45743579979204213
core10_interpretable__free	receptor_grouped_5fold	3	Gs	numeric__receptor_only__intracellular_cavity_core_mouth_area	-0.6164847761877298	0.6164847761877298
core10_interpretable__free	receptor_grouped_5fold	4	Gi/o	numeric__receptor_only__tm6_r350_634_distance	-0.20644026412796812	0.20644026412796812
core10_interpretable__free	receptor_grouped_5fold	4	Gi/o	numeric__receptor_only__tm3_tm7_distance	0.6224569214195912	0.6224569214195912
core10_interpretable__free	receptor_grouped_5fold	4	Gi/o	numeric__receptor_only__pif_550_644_distance	-0.46551505562088846	0.46551505562088846
core10_interpretable__free	receptor_grouped_5fold	4	Gi/o	numeric__receptor_only__y753_displacement	-0.06197159685853823	0.06197159685853823
core10_interpretable__free	receptor_grouped_5fold	4	Gi/o	numeric__receptor_only__tm6_aligned_displacement	-0.24519254590154996	0.24519254590154996
core10_interpretable__free	receptor_grouped_5fold	4	Gi/o	numeric__receptor_only__dry_r350_630_min_distance	-0.202097722686994	0.202097722686994
core10_interpretable__free	receptor_grouped_5fold	4	Gi/o	numeric__receptor_only__icl2_helix_fraction	-0.5477996408759884	0.5477996408759884
core10_interpretable__free	receptor_grouped_5fold	4	Gi/o	numeric__receptor_only__icl2_centroid_to_tm6_634	-0.20953465110526284	0.20953465110526284
core10_interpretable__free	receptor_grouped_5fold	4	Gi/o	numeric__receptor_only__tm7_h8_angle	0.22963631155152278	0.22963631155152278
core10_interpretable__free	receptor_grouped_5fold	4	Gi/o	numeric__receptor_only__intracellular_cavity_core_mouth_area	0.3216715024298417	0.3216715024298417
core10_interpretable__free	receptor_grouped_5fold	4	Gq/11	numeric__receptor_only__tm6_r350_634_distance	0.34231463590431765	0.34231463590431765
core10_interpretable__free	receptor_grouped_5fold	4	Gq/11	numeric__receptor_only__tm3_tm7_distance	-0.7775479608093879	0.7775479608093879
core10_interpretable__free	receptor_grouped_5fold	4	Gq/11	numeric__receptor_only__pif_550_644_distance	-0.10311459470633925	0.10311459470633925
core10_interpretable__free	receptor_grouped_5fold	4	Gq/11	numeric__receptor_only__y753_displacement	-0.26656952231263537	0.26656952231263537
core10_interpretable__free	receptor_grouped_5fold	4	Gq/11	numeric__receptor_only__tm6_aligned_displacement	-0.13093127098560833	0.13093127098560833
core10_interpretable__free	receptor_grouped_5fold	4	Gq/11	numeric__receptor_only__dry_r350_630_min_distance	-0.0331355274975316	0.0331355274975316
core10_interpretable__free	receptor_grouped_5fold	4	Gq/11	numeric__receptor_only__icl2_helix_fraction	0.24407120782348746	0.24407120782348746
core10_interpretable__free	receptor_grouped_5fold	4	Gq/11	numeric__receptor_only__icl2_centroid_to_tm6_634	0.32405053283397994	0.32405053283397994
core10_interpretable__free	receptor_grouped_5fold	4	Gq/11	numeric__receptor_only__tm7_h8_angle	-0.09788860997626299	0.09788860997626299
core10_interpretable__free	receptor_grouped_5fold	4	Gq/11	numeric__receptor_only__intracellular_cavity_core_mouth_area	0.1724455846684337	0.1724455846684337
core10_interpretable__free	receptor_grouped_5fold	4	Gs	numeric__receptor_only__tm6_r350_634_distance	-0.13587437177634928	0.13587437177634928
core10_interpretable__free	receptor_grouped_5fold	4	Gs	numeric__receptor_only__tm3_tm7_distance	0.15509103938979668	0.15509103938979668
core10_interpretable__free	receptor_grouped_5fold	4	Gs	numeric__receptor_only__pif_550_644_distance	0.5686296503272278	0.5686296503272278
core10_interpretable__free	receptor_grouped_5fold	4	Gs	numeric__receptor_only__y753_displacement	0.32854111917117385	0.32854111917117385
core10_interpretable__free	receptor_grouped_5fold	4	Gs	numeric__receptor_only__tm6_aligned_displacement	0.3761238168871584	0.3761238168871584
core10_interpretable__free	receptor_grouped_5fold	4	Gs	numeric__receptor_only__dry_r350_630_min_distance	0.2352332501845257	0.2352332501845257
core10_interpretable__free	receptor_grouped_5fold	4	Gs	numeric__receptor_only__icl2_helix_fraction	0.30372843305250063	0.30372843305250063
core10_interpretable__free	receptor_grouped_5fold	4	Gs	numeric__receptor_only__icl2_centroid_to_tm6_634	-0.11451588172871686	0.11451588172871686
core10_interpretable__free	receptor_grouped_5fold	4	Gs	numeric__receptor_only__tm7_h8_angle	-0.1317477015752598	0.1317477015752598
core10_interpretable__free	receptor_grouped_5fold	4	Gs	numeric__receptor_only__intracellular_cavity_core_mouth_area	-0.4941170870982751	0.4941170870982751
