pdb_id	receptor_name	uniprot	species	transducer_family	hauser_uniprot_code	hauser_iuphar_name	direct_human_accession_match	supported_Gs	supported_Gi_o	supported_Gq_11	supported_G12_13	n_supported_modeled_families	n_supported_four_families	supported_2plus_modeled_families	captured_family_supported_in_Hauser2022
8PJK	5ht1a_human	P08908	Homo sapiens	Gi/o	5HT1A	5-HT1A	True	0.0	1.0	1.0	0.0	2.0	2.0	True	True
7E32	5ht1d_human	P28221	Homo sapiens	Gi/o	5HT1D	5-HT1D	True	0.0	1.0	0.0	0.0	1.0	1.0	False	True
8UGY	5ht1e_human	P28566	Homo sapiens	Gi/o	5HT1E	5-HT1E	True	0.0	1.0	0.0	0.0	1.0	1.0	False	True
7EXD	5ht1f_human	P30939	Homo sapiens	Gi/o	5HT1F	5-HT1F	True	0.0	1.0	0.0	0.0	1.0	1.0	False	True
8UWL	5ht2a_human	P28223	Homo sapiens	Gq/11	5HT2A	5-HT2A	True	0.0	1.0	1.0	0.0	2.0	2.0	True	True
7SRR	5ht2b_human	P41595	Homo sapiens	Gq/11	5HT2B	5-HT2B	True	0.0	1.0	1.0	0.0	2.0	2.0	True	True
8DPF	5ht2c_human	P28335	Homo sapiens	Gq/11	5HT2C	5-HT2C	True	0.0	1.0	1.0	1.0	2.0	3.0	True	True
7XTA	5ht4r_human	Q13639	Homo sapiens	Gi/o	5HT4R	5-HT4	True	1.0	0.0	0.0	1.0	1.0	2.0	False	False
7XT8	5ht4r_human	Q13639	Homo sapiens	Gs	5HT4R	5-HT4	True	1.0	0.0	0.0	1.0	1.0	2.0	False	True
7X5H	5ht5a_human	P47898	Homo sapiens	Gi/o	5HT5A	5-HT5A	True	0.0	1.0	1.0	0.0	2.0	2.0	True	True
7XTB	5ht6r_human	P50406	Homo sapiens	Gs	5HT6R	5-HT6	True	1.0	0.0	1.0	0.0	2.0	2.0	True	True
7XTC	5ht7r_human	P34969	Homo sapiens	Gs	5HT7R	5-HT7	True	1.0	0.0	0.0	0.0	1.0	1.0	False	True
7LD3	aa1r_human	P30542	Homo sapiens	Gi/o	AA1R	A1	True	1.0	1.0	1.0	1.0	3.0	4.0	True	True
5G53	aa2ar_human	P29274	Homo sapiens	Gs	AA2AR	A2A	True	1.0	0.0	1.0	0.0	2.0	2.0	True	True
8HDO	aa2br_human	P29275	Homo sapiens	Gs	AA2BR	A2B	True	1.0	0.0	1.0	0.0	2.0	2.0	True	True
8X17	aa3r_human	P0DMS8	Homo sapiens	Gi/o	AA3R	A3	True	0.0	1.0	0.0	0.0	1.0	1.0	False	True
6OIJ	acm1_human	P11229	Homo sapiens	Gq/11	ACM1	M1	True	1.0	1.0	1.0	0.0	3.0	3.0	True	True
8E9W	acm3_human	P20309	Homo sapiens	Gq/11	ACM3	M3	True	0.0	1.0	1.0	0.0	2.0	2.0	True	True
7TRP	acm4_human	P08173	Homo sapiens	Gi/o	ACM4	M4	True	0.0	1.0	1.0	0.0	2.0	2.0	True	True
8GY7	acthr_human	Q01718	Homo sapiens	Gs	ACTHR	MC2	True	1.0	0.0	0.0	0.0	1.0	1.0	False	True
7YM8	ada1a_human	P35348	Homo sapiens	Gq/11	ADA1A	α1A	True	1.0	1.0	1.0	1.0	3.0	4.0	True	True
9CBL	ada2a_human	P08913	Homo sapiens	Gi/o	ADA2A	α2A	True	1.0	1.0	1.0	1.0	3.0	4.0	True	True
6K42	ada2b_human	P18089	Homo sapiens	Gi/o	ADA2B	α2B	True	1.0	1.0	1.0	0.0	3.0	3.0	True	True
7S0F	adrb1_melga	P07700	Meleagris gallopavo	Gi/o			False								
7JJO	adrb1_melga	P07700	Meleagris gallopavo	Gs			False								
8GG0	adrb2_human	P07550	Homo sapiens	Gs	ADRB2	β2	True	1.0	1.0	0.0	0.0	2.0	2.0	True	True
7DH5	adrb3_canlf	O02662	Canis lupus familiaris	Gs			False								
9IJE	adrb3_human	P13945	Homo sapiens	Gs	ADRB3	β3	True	1.0	1.0	0.0	0.0	2.0	2.0	True	True
7F6G	agtr1_human	P30556	Homo sapiens	Gq/11	AGTR1	AT1	True	0.0	1.0	1.0	1.0	2.0	3.0	True	True
8XZH	apj_human	P35414	Homo sapiens	Gi/o	APJ	APLNR	True	0.0	1.0	0.0	1.0	1.0	2.0	False	True
9EPP	b1b1u5_9arac	B1B1U5	Hasarius adansoni	Gi/o			False								
7EIB	bkrb1_human	P46663	Homo sapiens	Gq/11	BKRB1	B1	True	0.0	1.0	1.0	0.0	2.0	2.0	True	True
7F6I	bkrb2_human	P30411	Homo sapiens	Gq/11	BKRB2	B2	True	1.0	1.0	1.0	1.0	3.0	4.0	True	True
8Y52	brs3_human	P32247	Homo sapiens	Gq/11	BRS3	BB3	True	0.0	0.0	1.0	0.0	1.0	1.0	False	True
8IA8	c3ar_human	Q16581	Homo sapiens	Gi/o	C3AR	C3a	True	0.0	0.0	0.0	0.0	0.0	0.0	False	False
8I9A	c3ar_human	Q16581	Homo sapiens	Gq/11	C3AR	C3a	True	0.0	0.0	0.0	0.0	0.0	0.0	False	False
7Y67	c5ar1_human	P21730	Homo sapiens	Gi/o	C5AR1	C5a1	True	0.0	1.0	1.0	0.0	2.0	2.0	True	True
7EZH	cckar_human	P32238	Homo sapiens	Gi/o	CCKAR	CCK1	True	1.0	1.0	1.0	1.0	3.0	4.0	True	True
7EZM	cckar_human	P32238	Homo sapiens	Gq/11	CCKAR	CCK1	True	1.0	1.0	1.0	1.0	3.0	4.0	True	True
7MBX	cckar_human	P32238	Homo sapiens	Gs	CCKAR	CCK1	True	1.0	1.0	1.0	1.0	3.0	4.0	True	True
7VL9	ccr1_human	P32246	Homo sapiens	Gi/o	CCR1	CCR1	True	0.0	1.0	0.0	0.0	1.0	1.0	False	True
7XA3	ccr2_human	P41597	Homo sapiens	Gi/o	CCR2	CCR2	True	0.0	1.0	0.0	0.0	1.0	1.0	False	True
7X9Y	ccr3_human	P51677	Homo sapiens	Gi/o	CCR3	CCR3	True	0.0	1.0	0.0	0.0	1.0	1.0	False	True
7F1S	ccr5_human	P51681	Homo sapiens	Gi/o	CCR5	CCR5	True	0.0	1.0	0.0	0.0	1.0	1.0	False	True
8KFX	ccr8_human	P51685	Homo sapiens	Gi/o	CCR8	CCR8	True	0.0	1.0	0.0	0.0	1.0	1.0	False	True
7YKD	cml1_human	Q99788	Homo sapiens	Gi/o	CML1	Chemerin	True	0.0	1.0	0.0	0.0	1.0	1.0	False	True
8JJP	cml2_human	P46091	Homo sapiens	Gi/o	GPR1	GPR1	True	0.0	0.0	0.0	0.0	0.0	0.0	False	False
8GHV	cnr1_human	P21554	Homo sapiens	Gi/o	CNR1	CB1	True	1.0	1.0	1.0	1.0	3.0	4.0	True	True
8K8J	cnr1_human	P21554	Homo sapiens	Gs	CNR1	CB1	True	1.0	1.0	1.0	1.0	3.0	4.0	True	True
8GUR	cnr2_human	P34972	Homo sapiens	Gi/o	CNR2	CB2	True	1.0	1.0	0.0	0.0	2.0	2.0	True	True
7XBW	cx3c1_human	P49238	Homo sapiens	Gi/o	CX3C1	CX3CR1	True	0.0	1.0	0.0	0.0	1.0	1.0	False	True
8IC0	cxcr1_human	P25024	Homo sapiens	Gi/o	CXCR1	CXCR1	True	0.0	1.0	1.0	0.0	2.0	2.0	True	True
6LFO	cxcr2_human	P25025	Homo sapiens	Gi/o	CXCR2	CXCR2	True	0.0	1.0	0.0	0.0	1.0	1.0	False	True
8HNM	cxcr3_human	P49682	Homo sapiens	Gi/o	CXCR3	CXCR3	True	0.0	1.0	0.0	0.0	1.0	1.0	False	True
8U4N	cxcr4_human	P61073	Homo sapiens	Gi/o	CXCR4	CXCR4	True	0.0	1.0	0.0	0.0	1.0	1.0	False	True
7JVP	drd1_human	P21728	Homo sapiens	Gs	DRD1	D1	True	1.0	1.0	0.0	0.0	2.0	2.0	True	True
7JVR	drd2_human	P14416	Homo sapiens	Gi/o	DRD2	D2	True	0.0	1.0	0.0	0.0	1.0	1.0	False	True
7CMV	drd3_human	P35462	Homo sapiens	Gi/o	DRD3	D3	True	0.0	1.0	0.0	0.0	1.0	1.0	False	True
8IRU	drd4_human	P21917	Homo sapiens	Gi/o	DRD4	D4	True	0.0	1.0	0.0	0.0	1.0	1.0	False	True
8IRV	drd5_human	P21918	Homo sapiens	Gs	DRD5	D5	True	1.0	1.0	0.0	0.0	2.0	2.0	True	True
8ZFJ	e7fel0_danre	E7FEL0	Danio rerio	Gs			False								
8HCQ	ednra_human	P25101	Homo sapiens	Gq/11	EDNRA	ETA	True	1.0	1.0	1.0	1.0	3.0	4.0	True	True
8XVI	ednra_human	P25101	Homo sapiens	Gs	EDNRA	ETA	True	1.0	1.0	1.0	1.0	3.0	4.0	True	True
8IY5	ednrb_human	P24530	Homo sapiens	Gi/o	EDNRB	ETB	True	1.0	1.0	1.0	0.0	3.0	3.0	True	True
8HCX	ednrb_human	P24530	Homo sapiens	Gq/11	EDNRB	ETB	True	1.0	1.0	1.0	0.0	3.0	3.0	True	True
8XVE	ednrb_human	P24530	Homo sapiens	Gs	EDNRB	ETB	True	1.0	1.0	1.0	0.0	3.0	3.0	True	True
9K1C	ffar1_human	O14842	Homo sapiens	Gi/o	FFAR1	FFA1	True	1.0	1.0	1.0	0.0	3.0	3.0	True	True
8EJK	ffar1_human	O14842	Homo sapiens	Gq/11	FFAR1	FFA1	True	1.0	1.0	1.0	0.0	3.0	3.0	True	True
8J22	ffar2_human	O15552	Homo sapiens	Gi/o	FFAR2	FFA2	True	0.0	1.0	1.0	0.0	2.0	2.0	True	True
8T3S	ffar2_human	O15552	Homo sapiens	Gq/11	FFAR2	FFA2	True	0.0	1.0	1.0	0.0	2.0	2.0	True	True
8J20	ffar3_human	O14843	Homo sapiens	Gi/o	FFAR3	FFA3	True	0.0	1.0	0.0	1.0	1.0	2.0	False	True
8ID6	ffar4_human	Q5NUL3	Homo sapiens	Gi/o	FFAR4	FFA4	True	0.0	1.0	1.0	1.0	2.0	3.0	True	True
8T3O	ffar4_human	Q5NUL3	Homo sapiens	Gq/11	FFAR4	FFA4	True	0.0	1.0	1.0	1.0	2.0	3.0	True	True
8H4I	ffar4_human	Q5NUL3	Homo sapiens	Gs	FFAR4	FFA4	True	0.0	1.0	1.0	1.0	2.0	3.0	True	False
7VFX	fpr1_human	P21462	Homo sapiens	Gi/o	FPR1	FPR1	True	0.0	1.0	0.0	0.0	1.0	1.0	False	True
7T6U	fpr2_human	P25090	Homo sapiens	Gi/o	FPR2	FPR2/ALX	True	0.0	1.0	1.0	0.0	2.0	2.0	True	True
8I2G	fshr_human	P23945	Homo sapiens	Gs	FSHR	FSH	True	1.0	1.0	1.0	0.0	3.0	3.0	True	True
7WQ3	galr1_human	P47211	Homo sapiens	Gi/o	GALR1	GAL1	True	0.0	1.0	0.0	0.0	1.0	1.0	False	True
7WQ4	galr2_human	O43603	Homo sapiens	Gq/11	GALR2	GAL2	True	0.0	1.0	1.0	1.0	2.0	3.0	True	True
7F8V	gasr_human	P32239	Homo sapiens	Gi/o	GASR	CCK2	True	0.0	0.0	1.0	0.0	1.0	1.0	False	False
7F8W	gasr_human	P32239	Homo sapiens	Gq/11	GASR	CCK2	True	0.0	0.0	1.0	0.0	1.0	1.0	False	True
7NA7	ghsr_human	Q92847	Homo sapiens	Gi/o	GHSR	Ghrelin	True	0.0	1.0	1.0	1.0	2.0	3.0	True	True
7F9Z	ghsr_human	Q92847	Homo sapiens	Gq/11	GHSR	Ghrelin	True	0.0	1.0	1.0	1.0	2.0	3.0	True	True
8W8Q	gp101_human	Q96P66	Homo sapiens	Gs	GP101	GPR101	True	1.0	0.0	0.0	0.0	1.0	1.0	False	True
7WCM	gp119_human	Q8TDV5	Homo sapiens	Gs	GP119	GPR119	True	1.0	0.0	0.0	0.0	1.0	1.0	False	True
8HQM	gp132_human	Q9UNW8	Homo sapiens	Gi/o	GP132	GPR132	True	0.0	0.0	0.0	0.0	0.0	0.0	False	False
7VUG	gp139_human	Q6DWJ6	Homo sapiens	Gi/o	GP139	GPR139	True	0.0	0.0	1.0	0.0	1.0	1.0	False	False
7VUH	gp139_human	Q6DWJ6	Homo sapiens	Gs	GP139	GPR139	True	0.0	0.0	1.0	0.0	1.0	1.0	False	False
8SMV	gp161_human	Q8N6U8	Homo sapiens	Gs	GP161	GPR161	True	0.0	0.0	0.0	0.0	0.0	0.0	False	False
7XV3	gp174_human	Q9BXC1	Homo sapiens	Gs	GP174	GPR174	True	0.0	0.0	0.0	0.0	0.0	0.0	False	False
7TUZ	gp183_human	P32249	Homo sapiens	Gi/o	GP183	GPR183	True	0.0	1.0	0.0	1.0	1.0	2.0	False	True
7CFM	gpbar_human	Q8TDU6	Homo sapiens	Gs	GPBAR	GPBA	True	1.0	0.0	0.0	0.0	1.0	1.0	False	True
8XOF	gper1_human	Q99527	Homo sapiens	Gq/11	GPER1	GPER	True	1.0	1.0	0.0	0.0	2.0	2.0	True	False
7Y3G	gpr12_human	P47775	Homo sapiens	Gs	GPR12	GPR12	True	1.0	1.0	0.0	0.0	2.0	2.0	True	True
8ZQE	gpr15_human	P49685	Homo sapiens	Gi/o	GPR15	GPR15	True	0.0	0.0	0.0	0.0	0.0	0.0	False	False
7Y89	gpr17_human	Q13304	Homo sapiens	Gi/o	GPR17	GPR17	True	0.0	1.0	1.0	0.0	2.0	2.0	True	True
8HS3	gpr20_human	Q99678	Homo sapiens	Gi/o	GPR20	GPR20	True	0.0	1.0	0.0	0.0	1.0	1.0	False	True
8HMV	gpr21_human	Q99679	Homo sapiens	Gs	GPR21	GPR21	True	0.0	0.0	0.0	0.0	0.0	0.0	False	False
8XBH	gpr34_human	Q9UPC5	Homo sapiens	Gi/o	GPR34	GPR34	True	0.0	1.0	0.0	0.0	1.0	1.0	False	True
8WW2	gpr3_human	P46089	Homo sapiens	Gs	GPR3	GPR3	True	1.0	0.0	0.0	0.0	1.0	1.0	False	True
8HMP	gpr52_human	Q9Y2T5	Homo sapiens	Gs	GPR52	GPR52	True	0.0	0.0	0.0	0.0	0.0	0.0	False	False
8KGK	gpr61_human	Q9BZJ8	Homo sapiens	Gs	GPR61	GPR61	True	0.0	0.0	0.0	0.0	0.0	0.0	False	False
8TYW	gpr6_human	P46095	Homo sapiens	Gs	GPR6	GPR6	True	1.0	1.0	0.0	0.0	2.0	2.0	True	True
8G05	gpr84_human	Q9NQS5	Homo sapiens	Gi/o	GPR84	GPR84	True	0.0	1.0	0.0	0.0	1.0	1.0	False	True
7EJX	gpr88_human	Q9GZN0	Homo sapiens	Gi/o	GPR88	GPR88	True	0.0	0.0	0.0	0.0	0.0	0.0	False	False
7W3Z	grpr_human	P30550	Homo sapiens	Gq/11	GRPR	BB2	True	0.0	0.0	1.0	0.0	1.0	1.0	False	True
8J6J	hcar2_human	Q8TDS4	Homo sapiens	Gi/o	HCAR2	HCA2	True	0.0	1.0	0.0	0.0	1.0	1.0	False	True
8JEI	hcar3_human	P49019	Homo sapiens	Gi/o	HCAR3	HCA3	True	0.0	1.0	0.0	0.0	1.0	1.0	False	True
8YN2	hrh1_human	P35367	Homo sapiens	Gq/11	HRH1	H1	True	1.0	1.0	1.0	1.0	3.0	4.0	True	True
8YN4	hrh2_human	P25021	Homo sapiens	Gq/11	HRH2	H2	True	1.0	1.0	1.0	0.0	3.0	3.0	True	True
8YN3	hrh2_human	P25021	Homo sapiens	Gs	HRH2	H2	True	1.0	1.0	1.0	0.0	3.0	3.0	True	True
8YN5	hrh3_human	Q9Y5N1	Homo sapiens	Gi/o	HRH3	H3	True	0.0	1.0	0.0	0.0	1.0	1.0	False	True
8JXW	hrh4_human	Q9H3N8	Homo sapiens	Gi/o	HRH4	H4	True	0.0	1.0	0.0	0.0	1.0	1.0	False	True
7YFC	hrh4_human	Q9H3N8	Homo sapiens	Gq/11	HRH4	H4	True	0.0	1.0	0.0	0.0	1.0	1.0	False	False
8XGU	kissr_human	Q969F8	Homo sapiens	Gi/o	KISSR	Kisspeptin	True	0.0	0.0	1.0	0.0	1.0	1.0	False	False
8XGO	kissr_human	Q969F8	Homo sapiens	Gq/11	KISSR	Kisspeptin	True	0.0	0.0	1.0	0.0	1.0	1.0	False	True
7TD0	lpar1_human	Q92633	Homo sapiens	Gi/o	LPAR1	LPA1	True	0.0	1.0	1.0	1.0	2.0	3.0	True	True
9IZG	lpar1_human	Q92633	Homo sapiens	Gq/11	LPAR1	LPA1	True	0.0	1.0	1.0	1.0	2.0	3.0	True	True
7FIH	lshr_human	P22888	Homo sapiens	Gs	LSHR	LH	True	1.0	0.0	1.0	0.0	2.0	2.0	True	True
7VKT	lt4r1_human	Q15722	Homo sapiens	Gi/o	LT4R1	BLT1	True	0.0	1.0	1.0	1.0	2.0	3.0	True	True
8IOC	mc3r_human	P41968	Homo sapiens	Gs	MC3R	MC3	True	1.0	1.0	0.0	0.0	2.0	2.0	True	True
7PIU	mc4r_human	P32245	Homo sapiens	Gs	MC4R	MC4	True	1.0	1.0	0.0	0.0	2.0	2.0	True	True
8IOD	mc5r_human	P33032	Homo sapiens	Gs	MC5R	MC5	True	1.0	0.0	0.0	0.0	1.0	1.0	False	True
8WWK	mchr1_human	Q99705	Homo sapiens	Gi/o	MCHR1	MCH1	True	1.0	1.0	1.0	0.0	3.0	3.0	True	True
8WST	mchr2_human	Q969V1	Homo sapiens	Gq/11	MCHR2	MCH2	True	0.0	0.0	1.0	0.0	1.0	1.0	False	True
7Y15	mrgrd_human	Q8TDS7	Homo sapiens	Gi/o	MRGRD	MRGPRD	True	0.0	1.0	1.0	0.0	2.0	2.0	True	True
9DQJ	mrgrd_human	Q8TDS7	Homo sapiens	Gq/11	MRGRD	MRGPRD	True	0.0	1.0	1.0	0.0	2.0	2.0	True	True
8JGB	mrgx1_human	Q96LB2	Homo sapiens	Gi/o	MRGX1	MRGPRX1	True	0.0	0.0	1.0	0.0	1.0	1.0	False	False
8JGF	mrgx1_human	Q96LB2	Homo sapiens	Gq/11	MRGX1	MRGPRX1	True	0.0	0.0	1.0	0.0	1.0	1.0	False	True
7VV5	mrgx2_human	Q96LB1	Homo sapiens	Gi/o	MRGX2	MRGPRX2	True	0.0	1.0	1.0	0.0	2.0	2.0	True	True
7S8L	mrgx2_human	Q96LB1	Homo sapiens	Gq/11	MRGX2	MRGPRX2	True	0.0	1.0	1.0	0.0	2.0	2.0	True	True
7S8P	mrgx4_human	Q96LA9	Homo sapiens	Gq/11	MRGX4	MRGPRX4	True	0.0	0.0	1.0	0.0	1.0	1.0	False	True
7F4H	mshr_human	Q01726	Homo sapiens	Gs	MSHR	MC1	True	1.0	0.0	0.0	0.0	1.0	1.0	False	True
8IBV	mtlr_human	O43193	Homo sapiens	Gq/11	MTLR	motilin	True	0.0	0.0	1.0	1.0	1.0	2.0	False	True
7DB6	mtr1a_human	P48039	Homo sapiens	Gi/o	MTR1A	MT1	True	0.0	1.0	1.0	0.0	2.0	2.0	True	True
7VH0	mtr1b_human	P49286	Homo sapiens	Gi/o	MTR1B	MT2	True	0.0	1.0	0.0	0.0	1.0	1.0	False	True
7P00	nk1r_human	P25103	Homo sapiens	Gq/11	NK1R	NK1	True	1.0	0.0	1.0	0.0	2.0	2.0	True	True
8U26	nk1r_human	P25103	Homo sapiens	Gs	NK1R	NK1	True	1.0	0.0	1.0	0.0	2.0	2.0	True	True
7XWO	nk2r_human	P21452	Homo sapiens	Gq/11	NK2R	NK2	True	1.0	0.0	1.0	0.0	2.0	2.0	True	True
8JBG	nk3r_human	P29371	Homo sapiens	Gq/11	NK3R	NK3	True	0.0	0.0	1.0	0.0	1.0	1.0	False	True
8H0P	nmbr_human	P28336	Homo sapiens	Gq/11	NMBR	BB1	True	0.0	0.0	1.0	0.0	1.0	1.0	False	True
7W56	nmur1_human	Q9HB89	Homo sapiens	Gq/11	NMUR1	NMU1	True	0.0	0.0	1.0	0.0	1.0	1.0	False	True
7XK8	nmur2_human	Q9GZQ4	Homo sapiens	Gi/o	NMUR2	NMU2	True	0.0	0.0	1.0	0.0	1.0	1.0	False	False
7W55	nmur2_human	Q9GZQ4	Homo sapiens	Gq/11	NMUR2	NMU2	True	0.0	0.0	1.0	0.0	1.0	1.0	False	True
7X9A	npy1r_human	P25929	Homo sapiens	Gi/o	NPY1R	Y1	True	0.0	1.0	0.0	0.0	1.0	1.0	False	True
7YON	npy2r_human	P49146	Homo sapiens	Gi/o	NPY2R	Y2	True	0.0	1.0	1.0	0.0	2.0	2.0	True	True
7X9C	npy4r_human	P50391	Homo sapiens	Gi/o	NPY4R	Y4	True	0.0	1.0	1.0	0.0	2.0	2.0	True	True
6OS9	ntr1_human	P30989	Homo sapiens	Gi/o	NTR1	NTS1	True	1.0	1.0	1.0	0.0	3.0	3.0	True	True
8JPB	ntr1_human	P30989	Homo sapiens	Gq/11	NTR1	NTS1	True	1.0	1.0	1.0	0.0	3.0	3.0	True	True
7L0P	ntr1_rat	P20789	Rattus norvegicus	Gi/o			False								
8FMZ	ntr1_rat	P20789	Rattus norvegicus	Gq/11			False								
8F7S	oprd_human	P41143	Homo sapiens	Gi/o	OPRD	𝛅	True	0.0	1.0	1.0	0.0	2.0	2.0	True	True
8F7W	oprk_human	P41145	Homo sapiens	Gi/o	OPRK	𝜅	True	0.0	1.0	0.0	1.0	1.0	2.0	False	True
8EFO	oprm_human	P35372	Homo sapiens	Gi/o	OPRM	μ	True	0.0	1.0	1.0	0.0	2.0	2.0	True	True
7SCG	oprm_mouse	P42866	Mus musculus	Gi/o			False								
8F7X	oprx_human	P41146	Homo sapiens	Gi/o	OPRX	NOP	True	0.0	1.0	1.0	0.0	2.0	2.0	True	True
4X1H	opsd_bovin	P02699	Bos taurus	Gi/o			False								
6CMO	opsd_human	P08100	Homo sapiens	Gi/o	OPSD	Rhodopsin	True	0.0	0.0	0.0	0.0	0.0	0.0	False	False
8IU2	opsr_human	P04000	Homo sapiens	Gi/o	OPSR	OPN1LW	True	0.0	0.0	0.0	0.0	0.0	0.0	False	False
7SQO	ox2r_human	O43614	Homo sapiens	Gi/o	OX2R	OX2	True	1.0	1.0	1.0	1.0	3.0	4.0	True	True
7SR8	ox2r_human	O43614	Homo sapiens	Gq/11	OX2R	OX2	True	1.0	1.0	1.0	1.0	3.0	4.0	True	True
7L1V	ox2r_human	O43614	Homo sapiens	Gs	OX2R	OX2	True	1.0	1.0	1.0	1.0	3.0	4.0	True	True
7RYC	oxyr_human	P30559	Homo sapiens	Gq/11	OXYR	OT	True	0.0	1.0	1.0	0.0	2.0	2.0	True	True
7XXH	p2ry1_human	P47900	Homo sapiens	Gq/11	P2RY1	P2Y1	True	0.0	1.0	1.0	0.0	2.0	2.0	True	True
8WJX	p2ry1_human	P47900	Homo sapiens	Gs	P2RY1	P2Y1	True	0.0	1.0	1.0	0.0	2.0	2.0	True	False
7XXI	p2y12_human	Q9H244	Homo sapiens	Gi/o	P2Y12	P2Y12	True	0.0	0.0	0.0	0.0	0.0	0.0	False	False
8XOS	par1_human	P25116	Homo sapiens	Gi/o	PAR1	PAR1	True	0.0	1.0	1.0	1.0	2.0	3.0	True	True
8XOR	par1_human	P25116	Homo sapiens	Gq/11	PAR1	PAR1	True	0.0	1.0	1.0	1.0	2.0	3.0	True	True
8XXV	pd2r2_human	Q9Y5Y4	Homo sapiens	Gi/o	PD2R2	DP2	True	0.0	1.0	0.0	0.0	1.0	1.0	False	True
7CX2	pe2r2_human	P43116	Homo sapiens	Gs	PE2R2	EP2	True	1.0	0.0	0.0	0.0	1.0	1.0	False	True
7WU9	pe2r3_human	P43115	Homo sapiens	Gi/o	PE2R3	EP3	True	0.0	1.0	1.0	1.0	2.0	3.0	True	True
8GCP	pe2r4_human	P35408	Homo sapiens	Gi/o	PE2R4	EP4	True	1.0	1.0	0.0	0.0	2.0	2.0	True	True
8GDB	pe2r4_human	P35408	Homo sapiens	Gs	PE2R4	EP4	True	1.0	1.0	0.0	0.0	2.0	2.0	True	True
8XJK	pf2r_human	P43088	Homo sapiens	Gq/11	PF2R	FP	True	1.0	1.0	1.0	1.0	3.0	4.0	True	True
8IQ4	pf2r_human	P43088	Homo sapiens	Gs	PF2R	FP	True	1.0	1.0	1.0	1.0	3.0	4.0	True	True
8X79	pi2r_human	P43119	Homo sapiens	Gs	PI2R	IP	True	1.0	1.0	1.0	0.0	3.0	3.0	True	True
8ZPS	prlhr_human	P49683	Homo sapiens	Gi/o	PRLHR	PrRP	True	0.0	0.0	0.0	0.0	0.0	0.0	False	False
8ZPT	prlhr_human	P49683	Homo sapiens	Gq/11	PRLHR	PrRP	True	0.0	0.0	0.0	0.0	0.0	0.0	False	False
8XYD	ptafr_human	P25105	Homo sapiens	Gi/o	PTAFR	PAF	True	0.0	1.0	1.0	0.0	2.0	2.0	True	True
7JHJ	q3ksp2_ebvg	Q3KSP2	Epstein-Barr virus	Gi/o			False								
8K4P	q76sf8_hhv8	Q76SF8	Human herpesvirus 8	Gi/o			False								
8WZ2	qrfpr_human	Q96P65	Homo sapiens	Gq/11	QRFPR	QRFP	True	0.0	1.0	1.0	0.0	2.0	2.0	True	True
7YK7	rl3r2_human	Q8TDU9	Homo sapiens	Gi/o	RL3R2	RXFP4	True	0.0	1.0	0.0	0.0	1.0	1.0	False	True
7TMW	rxfp1_human	Q9HBX9	Homo sapiens	Gs	RXFP1	RXFP1	True	1.0	1.0	0.0	0.0	2.0	2.0	True	True
7TD4	s1pr1_human	P21453	Homo sapiens	Gi/o	S1PR1	S1P1	True	0.0	1.0	0.0	1.0	1.0	2.0	False	True
7EW2	s1pr3_human	Q99500	Homo sapiens	Gi/o	S1PR3	S1P3	True	0.0	1.0	1.0	1.0	2.0	3.0	True	True
7EW1	s1pr5_human	Q9H228	Homo sapiens	Gi/o	S1PR5	S1P5	True	0.0	1.0	0.0	1.0	1.0	2.0	False	True
8XIO	ssr1_human	P30872	Homo sapiens	Gi/o	SSR1	SST1	True	0.0	1.0	0.0	0.0	1.0	1.0	False	True
7T10	ssr2_human	P30874	Homo sapiens	Gi/o	SSR2	SST2	True	0.0	1.0	1.0	0.0	2.0	2.0	True	True
7Y26	ssr2_human	P30874	Homo sapiens	Gq/11	SSR2	SST2	True	0.0	1.0	1.0	0.0	2.0	2.0	True	True
8XIR	ssr3_human	P32745	Homo sapiens	Gi/o	SSR3	SST3	True	0.0	1.0	0.0	0.0	1.0	1.0	False	True
7XMS	ssr4_human	P31391	Homo sapiens	Gi/o	SSR4	SST4	True	0.0	1.0	0.0	0.0	1.0	1.0	False	True
8X8L	ssr5_human	P35346	Homo sapiens	Gi/o	SSR5	SST5	True	0.0	1.0	0.0	0.0	1.0	1.0	False	True
8YKV	sucr1_human	Q9BXA5	Homo sapiens	Gi/o	SUCR1	Succinate	True	0.0	1.0	1.0	0.0	2.0	2.0	True	True
8JPP	sucr1_human	Q9BXA5	Homo sapiens	Gs	SUCR1	Succinate	True	0.0	1.0	1.0	0.0	2.0	2.0	True	False
8XJN	ta2r_human	P21731	Homo sapiens	Gq/11	TA2R	TP	True	0.0	0.0	1.0	0.0	1.0	1.0	False	True
8PM2	taa7f_mouse	Q5QD08	Mus musculus	Gs			False								
8W87	taar1_human	Q96RJ0	Homo sapiens	Gs	TAAR1	TA1	True	1.0	0.0	1.0	0.0	2.0	2.0	True	True
8WCB	taar1_mouse	Q923Y8	Mus musculus	Gq/11			False								
8ZSV	taar1_mouse	Q923Y8	Mus musculus	Gs			False								
8IW9	taar9_mouse	Q5QD04	Mus musculus	Gs			False								
7WKD	trfr_human	P34981	Homo sapiens	Gq/11	TRFR	TRH1	True	0.0	0.0	1.0	0.0	1.0	1.0	False	True
7UTZ	tshr_human	P16473	Homo sapiens	Gs	TSHR	TSH	True	1.0	0.0	1.0	0.0	2.0	2.0	True	True
7RKM	us28_hcmva	P69332	Human cytomegalovirus	Gi/o			False								
7RKF	us28_hcmva	P69332	Human cytomegalovirus	Gq/11			False								
7DW9	v2r_human	P30518	Homo sapiens	Gs	V2R	V2	True	1.0	0.0	1.0	0.0	2.0	2.0	True	True
9AST	xcr1_human	P46094	Homo sapiens	Gi/o	XCR1	XCR1	True	0.0	1.0	0.0	0.0	1.0	1.0	False	True
